"Date","Price","Open","High","Low","Vol.","Change %"
"09/01/2025","19,223.6","19,270.2","19,327.6","19,198.2","","-0.24%"
"08/29/2025","19,270.2","19,095.1","19,309.0","19,050.9","","0.92%"
"08/28/2025","19,095.1","19,040.6","19,121.2","18,996.7","","0.29%"
"08/27/2025","19,040.6","18,971.7","19,048.0","18,935.1","","0.37%"
"08/26/2025","18,970.1","18,886.9","19,010.0","18,870.7","","0.45%"
"08/25/2025","18,885.3","19,144.8","19,165.2","18,858.5","","-1.36%"
"08/22/2025","19,144.8","18,900.4","19,188.9","18,896.3","","1.30%"
"08/21/2025","18,899.6","18,956.5","18,994.8","18,890.6","","-0.29%"
"08/20/2025","18,954.1","18,913.9","18,990.7","18,878.2","","0.20%"
"08/19/2025","18,915.5","18,844.2","19,014.3","18,807.8","","0.38%"
"08/18/2025","18,843.4","18,897.5","18,937.1","18,836.1","","-0.32%"
"08/15/2025","18,904.0","18,767.1","18,932.2","18,761.5","","0.74%"
"08/14/2025","18,765.5","18,955.9","18,972.9","18,738.1","","-1.01%"
"08/13/2025","18,956.7","19,011.9","19,032.3","18,935.6","","-0.28%"
"08/12/2025","19,010.3","18,898.4","19,050.2","18,887.3","","0.59%"
"08/11/2025","18,898.4","18,964.0","19,000.7","18,856.9","","-0.33%"
"08/08/2025","18,961.6","19,003.1","19,045.3","18,943.6","","-0.22%"
"08/07/2025","19,003.1","19,074.9","19,086.4","18,913.5","","-0.38%"
"08/06/2025","19,074.9","18,956.6","19,090.5","18,927.7","","0.60%"
"08/05/2025","18,960.7","18,964.9","18,993.6","18,880.4","","-0.02%"
"08/04/2025","18,964.9","19,092.9","19,123.5","18,928.0","","-0.73%"
"08/01/2025","19,104.5","18,783.4","19,124.3","18,766.1","","1.71%"
"07/31/2025","18,784.2","18,690.3","18,857.8","18,689.5","","0.48%"
"07/30/2025","18,693.6","18,930.7","18,973.4","18,685.4","","-1.24%"
"07/29/2025","18,929.1","18,937.2","19,015.3","18,882.4","","-0.04%"
"07/28/2025","18,936.4","19,166.9","19,209.2","18,929.9","","-1.15%"
"07/25/2025","19,157.1","19,132.4","19,202.0","19,093.4","","0.13%"
"07/24/2025","19,132.4","19,176.6","19,200.0","19,102.3","","-0.23%"
"07/23/2025","19,176.6","19,170.8","19,183.9","19,075.6","","0.03%"
"07/22/2025","19,171.6","19,075.4","19,182.2","19,040.2","","0.50%"
"07/21/2025","19,075.4","18,940.4","19,112.1","18,920.8","","0.72%"
"07/18/2025","18,938.8","18,935.5","19,014.5","18,923.3","","0.01%"
"07/17/2025","18,936.3","18,939.9","18,980.3","18,843.6","","0.03%"
"07/16/2025","18,930.1","18,861.6","19,071.7","18,811.4","","0.35%"
"07/15/2025","18,863.2","18,953.0","19,034.1","18,848.6","","-0.45%"
"07/14/2025","18,949.0","18,896.8","19,003.4","18,884.7","","0.00%"
"07/11/2025","18,949.5","18,979.0","18,990.4","18,919.8","","-0.15%"
"07/10/2025","18,978.2","19,031.3","19,085.1","18,915.8","","-0.31%"
"07/09/2025","19,037.8","19,001.2","19,062.9","18,984.4","","0.20%"
"07/08/2025","19,000.4","19,004.5","19,115.5","18,931.5","","-0.01%"
"07/07/2025","19,002.9","19,063.5","19,122.7","18,968.0","","-0.32%"
"07/04/2025","19,064.3","19,034.6","19,102.0","19,028.1","","0.16%"
"07/03/2025","19,033.8","19,160.8","19,180.3","18,971.4","","-0.66%"
"07/02/2025","19,160.8","19,114.7","19,168.9","19,077.1","","0.24%"
"07/01/2025","19,114.7","19,136.2","19,170.3","19,038.0","","-0.12%"
"06/30/2025","19,137.0","18,982.2","19,139.4","18,972.9","","0.77%"
"06/27/2025","18,991.1","18,952.2","19,047.8","18,927.1","","0.17%"
"06/26/2025","18,959.5","18,992.5","19,044.8","18,928.3","","-0.18%"
"06/25/2025","18,993.3","18,981.5","19,018.3","18,880.1","","0.06%"
"06/24/2025","18,981.5","19,084.7","19,138.3","18,931.5","","-0.54%"
"06/23/2025","19,084.7","18,810.8","19,092.9","18,769.0","","1.09%"
"06/20/2025","18,879.6","18,846.1","18,917.4","18,834.1","","0.18%"
"06/19/2025","18,846.1","18,718.1","18,855.1","18,665.9","","0.71%"
"06/18/2025","18,714.0","18,690.3","18,810.1","18,679.7","","0.13%"
"06/17/2025","18,690.3","18,813.7","18,849.0","18,680.5","","-0.61%"
"06/16/2025","18,805.6","18,788.1","18,891.8","18,780.0","","-0.10%"
"06/13/2025","18,824.8","18,803.4","18,857.0","18,721.3","","0.09%"
"06/12/2025","18,808.3","18,680.3","18,884.6","18,668.1","","0.73%"
"06/11/2025","18,672.9","18,591.7","18,692.4","18,545.8","","0.45%"
"06/10/2025","18,588.5","18,587.7","18,626.7","18,513.1","","0.00%"
"06/09/2025","18,589.3","18,552.7","18,617.8","18,530.7","","0.24%"
"06/06/2025","18,545.4","18,625.9","18,647.9","18,505.5","","-0.44%"
"06/05/2025","18,626.7","18,599.1","18,708.9","18,553.9","","0.15%"
"06/04/2025","18,599.1","18,518.5","18,628.4","18,516.9","","0.44%"
"06/03/2025","18,517.7","18,585.9","18,645.6","18,505.5","","-0.38%"
"06/02/2025","18,587.5","18,477.8","18,602.2","18,476.9","","0.55%"
"05/30/2025","18,485.9","18,514.4","18,555.1","18,428.1","","-0.21%"
"05/29/2025","18,525.0","18,401.2","18,546.2","18,261.1","","0.70%"
"05/28/2025","18,396.3","18,434.3","18,475.3","18,379.2","","-0.21%"
"05/27/2025","18,435.1","18,494.1","18,532.7","18,424.5","","-0.32%"
"05/26/2025","18,494.1","18,432.0","18,526.5","18,422.3","","0.34%"
"05/23/2025","18,431.2","18,421.1","18,484.7","18,320.9","","0.05%"
"05/22/2025","18,421.1","18,578.8","18,598.5","18,379.4","","-0.84%"
"05/21/2025","18,577.2","18,521.0","18,633.1","18,504.5","","0.30%"
"05/20/2025","18,521.0","18,464.0","18,526.8","18,416.3","","0.26%"
"05/19/2025","18,473.1","18,364.3","18,547.8","18,362.7","","0.66%"
"05/16/2025","18,352.8","18,477.8","18,511.7","18,298.5","","-0.68%"
"05/15/2025","18,478.6","18,497.9","18,555.4","18,447.3","","-0.09%"
"05/14/2025","18,494.6","18,472.0","18,645.2","18,466.3","","0.12%"
"05/13/2025","18,472.9","18,308.5","18,488.5","18,305.2","","0.88%"
"05/12/2025","18,311.0","18,527.4","18,568.6","18,273.8","","-1.43%"
"05/09/2025","18,576.1","18,519.5","18,650.4","18,490.6","","0.31%"
"05/08/2025","18,519.5","18,684.6","18,784.8","18,492.3","","-0.91%"
"05/07/2025","18,690.3","18,702.8","18,823.2","18,629.6","","-0.08%"
"05/06/2025","18,704.5","18,595.4","18,722.6","18,537.9","","0.59%"
"05/05/2025","18,595.4","18,575.7","18,678.4","18,556.5","","0.16%"
"05/02/2025","18,565.0","18,745.6","18,771.6","18,559.2","","-0.96%"
"05/01/2025","18,745.6","18,805.3","18,826.9","18,701.6","","-0.32%"
"04/30/2025","18,805.3","19,082.1","19,101.4","18,786.2","","-1.45%"
"04/29/2025","19,082.1","19,251.8","19,253.5","19,056.1","","-0.88%"
"04/28/2025","19,251.8","19,133.2","19,256.8","19,083.5","","0.65%"
"04/25/2025","19,127.3","19,214.1","19,223.4","19,031.8","","-0.45%"
"04/24/2025","19,214.1","19,082.8","19,229.3","19,080.2","","0.69%"
"04/23/2025","19,082.8","19,251.8","19,295.2","19,059.6","","-0.86%"
"04/22/2025","19,249.3","19,350.1","19,469.9","19,243.4","","-0.47%"
"04/21/2025","19,340.2","19,160.3","19,450.1","19,159.5","","0.94%"
"04/18/2025","19,159.7","19,125.0","19,178.8","19,109.8","","0.25%"
"04/17/2025","19,112.6","19,172.1","19,197.3","19,072.0","","-0.31%"
"04/16/2025","19,171.4","18,972.4","19,202.4","18,968.2","","1.10%"
"04/15/2025","18,963.4","19,038.8","19,133.8","18,940.4","","-0.36%"
"04/14/2025","19,032.3","18,958.2","19,167.5","18,949.0","","-0.22%"
"04/11/2025","19,073.4","18,818.5","19,271.4","18,797.5","","1.43%"
"04/10/2025","18,805.4","18,469.7","18,885.7","18,342.5","","1.85%"
"04/09/2025","18,463.4","18,481.5","18,779.0","18,404.8","","-0.05%"
"04/08/2025","18,471.8","18,057.9","18,523.4","18,057.9","","2.33%"
"04/07/2025","18,051.6","18,043.8","18,300.5","18,022.3","","-0.47%"
"04/04/2025","18,136.0","18,302.1","18,395.7","18,090.1","","-0.86%"
"04/03/2025","18,293.3","17,976.7","18,457.8","17,893.1","","1.80%"
"04/02/2025","17,970.4","17,874.0","18,091.8","17,851.7","","0.57%"
"04/01/2025","17,867.8","17,913.8","17,935.3","17,847.5","","-0.22%"
"03/31/2025","17,907.5","17,921.2","17,967.6","17,858.3","","-0.09%"
"03/28/2025","17,924.1","17,887.3","17,959.3","17,826.0","","0.24%"
"03/27/2025","17,881.1","17,829.3","17,920.4","17,794.5","","0.33%"
"03/26/2025","17,821.4","17,907.7","17,936.7","17,813.6","","-0.45%"
"03/25/2025","17,902.3","17,881.9","17,979.9","17,871.1","","0.16%"
"03/24/2025","17,874.0","17,834.0","17,977.1","17,834.0","","0.20%"
"03/21/2025","17,837.7","17,879.5","17,922.2","17,815.1","","-0.19%"
"03/20/2025","17,871.6","18,017.2","18,044.6","17,817.7","","-0.76%"
"03/19/2025","18,008.4","17,977.2","18,094.5","17,947.0","","0.22%"
"03/18/2025","17,968.4","17,913.7","17,995.2","17,884.2","","0.35%"
"03/17/2025","17,905.0","17,783.9","17,925.2","17,754.8","","0.69%"
"03/14/2025","17,781.7","17,825.2","17,842.8","17,708.7","","-0.21%"
"03/13/2025","17,819.0","17,905.3","17,936.4","17,774.3","","-0.43%"
"03/12/2025","17,896.6","17,913.4","17,977.7","17,883.1","","-0.05%"
"03/11/2025","17,905.5","17,702.8","17,959.4","17,694.6","","1.20%"
"03/10/2025","17,694.1","17,655.6","17,769.8","17,647.5","","0.28%"
"03/07/2025","17,645.3","17,610.3","17,744.4","17,599.2","","0.24%"
"03/06/2025","17,603.3","17,602.0","17,724.6","17,567.5","","0.05%"
"03/05/2025","17,595.2","17,475.3","17,612.6","17,333.9","","0.74%"
"03/04/2025","17,465.9","17,283.4","17,477.8","17,214.4","","1.10%"
"03/03/2025","17,275.7","17,213.4","17,310.6","17,119.4","","0.46%"
"02/28/2025","17,196.6","17,106.4","17,278.0","17,081.7","","0.58%"
"02/27/2025","17,097.9","17,163.1","17,256.1","17,103.1","","-0.34%"
"02/26/2025","17,155.4","17,184.3","17,242.0","17,110.8","","-0.13%"
"02/25/2025","17,178.2","17,036.7","17,194.1","17,022.8","","0.88%"
"02/24/2025","17,028.2","17,108.8","17,182.9","17,012.3","","-0.11%"
"02/21/2025","17,046.5","17,148.1","17,157.1","17,035.5","","-0.55%"
"02/20/2025","17,141.3","17,020.9","17,153.0","17,015.2","","0.73%"
"02/19/2025","17,017.5","16,996.0","17,126.3","16,986.6","","0.14%"
"02/18/2025","16,994.0","17,000.6","17,051.4","16,964.1","","0.02%"
"02/17/2025","16,991.3","17,055.1","17,084.4","16,972.2","","-0.36%"
"02/14/2025","17,053.1","17,114.7","17,122.9","17,003.1","","-0.32%"
"02/13/2025","17,108.6","16,998.3","17,119.6","16,965.0","","0.73%"
"02/12/2025","16,984.9","16,966.1","17,068.7","16,883.0","","0.15%"
"02/11/2025","16,959.3","16,846.8","16,999.7","16,832.1","","0.71%"
"02/10/2025","16,840.0","16,802.3","16,895.0","16,730.7","","0.23%"
"02/07/2025","16,802.0","16,956.3","16,981.1","16,771.4","","-0.86%"
"02/06/2025","16,947.0","16,939.7","16,981.0","16,904.0","","0.07%"
"02/05/2025","16,934.5","16,961.2","17,007.2","16,900.5","","-0.13%"
"02/04/2025","16,956.0","17,001.2","17,015.2","16,797.8","","-0.23%"
"02/03/2025","16,995.2","16,769.4","17,010.2","16,643.9","","0.65%"
"01/31/2025","16,884.9","16,895.0","17,009.1","16,870.5","","-0.02%"
"01/30/2025","16,888.9","16,852.6","17,021.0","16,847.7","","0.24%"
"01/29/2025","16,849.1","16,868.7","16,891.4","16,790.3","","-0.08%"
"01/28/2025","16,862.1","16,969.0","16,972.2","16,842.0","","-0.60%"
"01/27/2025","16,963.9","16,958.5","17,035.3","16,905.9","","-0.02%"
"01/24/2025","16,967.2","16,958.1","17,018.3","16,879.9","","0.10%"
"01/23/2025","16,950.4","16,950.2","17,002.3","16,885.6","","0.05%"
"01/22/2025","16,942.6","17,036.6","17,043.9","16,948.6","","-0.52%"
"01/21/2025","17,030.6","17,041.4","17,071.7","16,889.0","","-0.01%"
"01/20/2025","17,032.1","16,816.7","17,071.7","16,800.3","","1.36%"
"01/17/2025","16,803.4","16,849.2","16,906.7","16,791.0","","-0.23%"
"01/16/2025","16,842.4","16,790.8","16,875.3","16,785.9","","0.33%"
"01/15/2025","16,786.5","16,766.0","16,899.4","16,742.7","","0.16%"
"01/14/2025","16,759.2","16,673.7","16,767.6","16,644.3","","0.55%"
"01/13/2025","16,667.0","16,575.1","16,684.0","16,563.9","","0.56%"
"01/10/2025","16,574.8","16,687.6","16,708.7","16,533.8","","-0.62%"
"01/09/2025","16,677.6","16,711.6","16,782.4","16,659.3","","-0.16%"
"01/08/2025","16,704.8","16,678.4","16,792.9","16,637.9","","0.20%"
"01/07/2025","16,671.6","16,828.2","16,834.0","16,677.6","","-0.89%"
"01/06/2025","16,821.4","16,680.6","16,903.5","16,667.6","","0.83%"
"01/03/2025","16,683.5","16,622.8","16,692.9","16,612.3","","0.40%"
"01/02/2025","16,617.4","16,664.0","16,856.9","16,558.1","","-0.26%"
"01/01/2025","16,661.2","16,664.0","16,674.4","16,658.3","","0.02%"
"12/31/2024","16,658.0","16,791.7","16,835.6","16,648.7","","-0.77%"
"12/30/2024","16,786.5","16,938.0","16,940.4","16,735.2","","-0.81%"
"12/27/2024","16,923.0","16,874.8","16,955.8","16,855.2","","0.33%"
"12/26/2024","16,868.0","16,840.8","16,886.2","16,821.4","","0.17%"
"12/25/2024","16,838.9","16,834.4","16,861.9","16,832.7","","0.07%"
"12/24/2024","16,827.5","16,830.1","16,868.6","16,799.9","","0.02%"
"12/23/2024","16,824.9","16,882.8","16,918.7","16,795.3","","-0.35%"
"12/20/2024","16,884.6","16,881.3","16,925.9","16,800.0","","0.06%"
"12/19/2024","16,874.5","16,658.0","16,979.1","16,648.3","","1.34%"
"12/18/2024","16,651.2","16,855.4","16,932.7","16,643.5","","-1.15%"
"12/17/2024","16,845.3","16,818.4","16,895.6","16,813.6","","0.21%"
"12/16/2024","16,810.8","16,789.4","16,863.9","16,757.6","","0.11%"
"12/13/2024","16,792.7","16,670.3","16,834.2","16,662.3","","0.78%"
"12/12/2024","16,663.5","16,703.6","16,782.7","16,663.1","","-0.19%"
"12/11/2024","16,694.4","16,701.9","16,772.0","16,678.1","","0.00%"
"12/10/2024","16,694.2","16,744.7","16,781.2","16,655.9","","-0.25%"
"12/09/2024","16,735.5","16,743.2","16,808.2","16,704.3","","-0.06%"
"12/06/2024","16,745.0","16,790.2","16,856.5","16,709.9","","-0.23%"
"12/05/2024","16,784.1","16,744.0","16,795.7","16,686.3","","0.28%"
"12/04/2024","16,737.2","16,752.9","16,799.0","16,681.9","","-0.05%"
"12/03/2024","16,746.1","16,691.8","16,793.6","16,669.6","","0.37%"
"12/02/2024","16,685.0","16,759.3","16,778.3","16,631.4","","-0.39%"
"11/29/2024","16,750.8","16,750.8","16,798.9","16,702.2","","0.05%"
"11/28/2024","16,742.3","16,832.4","16,838.8","16,706.3","","-0.48%"
"11/27/2024","16,823.2","16,707.4","16,866.7","16,683.5","","0.73%"
"11/26/2024","16,700.6","16,654.0","16,798.2","16,544.5","","0.31%"
"11/25/2024","16,648.7","16,621.1","16,711.9","16,582.6","","0.68%"
"11/22/2024","16,536.5","16,680.6","16,694.5","16,405.2","","-0.82%"
"11/21/2024","16,673.0","16,723.3","16,832.5","16,660.7","","-0.29%"
"11/20/2024","16,721.2","16,770.3","16,816.4","16,670.9","","-0.27%"
"11/19/2024","16,766.6","16,800.2","16,801.8","16,659.5","","-0.15%"
"11/18/2024","16,790.9","16,703.2","16,812.9","16,685.3","","0.50%"
"11/15/2024","16,707.5","16,698.5","16,808.1","16,673.9","","0.10%"
"11/14/2024","16,690.1","16,664.7","16,778.6","16,642.0","","0.19%"
"11/13/2024","16,657.8","16,763.1","16,806.7","16,652.1","","-0.60%"
"11/12/2024","16,757.8","16,703.9","16,806.1","16,694.5","","0.35%"
"11/11/2024","16,700.2","16,788.1","16,819.8","16,665.5","","-0.53%"
"11/08/2024","16,789.8","17,002.5","17,003.2","16,746.5","","-1.21%"
"11/07/2024","16,994.7","16,984.0","17,033.1","16,908.6","","0.10%"
"11/06/2024","16,977.1","17,199.9","17,210.2","16,909.6","","-1.26%"
"11/05/2024","17,192.9","17,140.3","17,208.6","17,121.0","","0.36%"
"11/04/2024","17,131.3","17,092.4","17,193.1","17,088.4","","0.63%"
"11/01/2024","17,024.1","17,080.9","17,143.4","17,027.9","","-0.30%"
"10/31/2024","17,075.4","17,038.5","17,088.7","17,004.2","","0.25%"
"10/30/2024","17,033.1","17,050.0","17,063.5","16,963.2","","-0.06%"
"10/29/2024","17,043.8","17,001.6","17,062.6","16,971.9","","0.28%"
"10/28/2024","16,996.5","16,886.5","17,025.9","16,870.9","","0.72%"
"10/25/2024","16,874.9","16,868.5","16,953.8","16,856.8","","0.07%"
"10/24/2024","16,863.1","16,843.0","16,877.0","16,790.3","","0.17%"
"10/23/2024","16,834.5","16,803.2","16,883.2","16,792.3","","0.24%"
"10/22/2024","16,794.7","16,758.6","16,864.7","16,755.5","","0.25%"
"10/21/2024","16,752.4","16,796.5","16,834.2","16,751.6","","-0.28%"
"10/18/2024","16,798.8","16,783.4","16,819.4","16,748.5","","0.13%"
"10/17/2024","16,777.2","16,847.0","16,900.0","16,751.6","","-0.37%"
"10/16/2024","16,840.0","16,968.2","16,976.7","16,833.8","","-0.71%"
"10/15/2024","16,961.2","16,974.4","17,008.7","16,934.3","","-0.05%"
"10/14/2024","16,968.9","17,030.9","17,055.5","16,942.5","","-0.38%"
"10/11/2024","17,034.4","17,126.5","17,141.4","17,020.0","","-0.52%"
"10/10/2024","17,124.2","17,086.7","17,161.8","17,074.1","","0.25%"
"10/09/2024","17,081.3","17,179.0","17,181.3","17,082.8","","-0.53%"
"10/08/2024","17,172.7","17,210.4","17,244.1","17,148.5","","-0.17%"
"10/07/2024","17,201.8","16,996.3","17,227.6","16,977.0","","1.24%"
"10/04/2024","16,990.8","17,011.3","17,136.2","16,957.6","","-0.07%"
"10/03/2024","17,002.8","16,860.2","17,038.3","16,844.9","","0.88%"
"10/02/2024","16,854.7","16,822.6","16,921.3","16,815.1","","0.22%"
"10/01/2024","16,817.8","16,858.4","16,949.8","16,788.4","","-0.20%"
"09/30/2024","16,851.3","16,878.0","16,986.1","16,825.8","","-0.16%"
"09/27/2024","16,878.5","16,949.2","16,953.7","16,826.6","","-0.38%"
"09/26/2024","16,942.8","16,810.8","16,968.9","16,804.0","","0.83%"
"09/25/2024","16,803.8","16,976.1","16,998.8","16,793.5","","-0.99%"
"09/24/2024","16,971.2","16,891.0","16,978.3","16,850.8","","0.51%"
"09/23/2024","16,884.7","16,911.2","16,979.4","16,846.2","","-0.12%"
"09/20/2024","16,904.8","17,005.3","17,009.1","16,812.8","","-0.55%"
"09/19/2024","16,998.2","17,050.2","17,061.0","16,935.2","","-0.27%"
"09/18/2024","17,043.9","17,044.1","17,159.1","17,015.7","","0.04%"
"09/17/2024","17,036.2","17,144.8","17,146.4","17,038.7","","-0.59%"
"09/16/2024","17,137.7","17,060.1","17,151.8","17,054.0","","0.51%"
"09/13/2024","17,051.5","17,086.4","17,143.6","17,049.2","","-0.18%"
"09/12/2024","17,081.7","16,958.5","17,088.7","16,948.5","","0.77%"
"09/11/2024","16,951.4","17,024.4","17,058.3","16,943.1","","-0.40%"
"09/10/2024","17,018.8","17,054.6","17,091.9","17,018.2","","-0.17%"
"09/09/2024","17,047.5","17,026.7","17,162.8","17,025.2","","0.14%"
"09/06/2024","17,023.5","17,106.6","17,140.4","17,001.4","","-0.47%"
"09/05/2024","17,103.8","17,148.6","17,156.4","17,053.8","","-0.23%"
"09/04/2024","17,143.8","17,145.0","17,179.1","17,084.4","","0.03%"
"09/03/2024","17,138.7","17,184.6","17,243.5","17,117.9","","-0.25%"
"09/02/2024","17,182.2","17,073.1","17,198.6","17,064.6","","0.67%"
"08/30/2024","17,067.6","17,074.4","17,157.0","17,065.9","","-0.01%"
"08/29/2024","17,069.7","17,151.1","17,187.7","17,041.3","","-0.45%"
"08/28/2024","17,147.0","17,329.6","17,357.6","17,129.5","","-1.02%"
"08/27/2024","17,324.0","17,221.4","17,363.0","17,218.3","","0.63%"
"08/26/2024","17,215.8","17,330.2","17,351.9","17,113.6","","-0.65%"
"08/23/2024","17,327.7","17,335.5","17,426.9","17,161.9","","-0.01%"
"08/22/2024","17,329.2","17,265.8","17,441.6","17,253.4","","0.41%"
"08/21/2024","17,258.7","17,176.1","17,302.2","17,151.9","","0.50%"
"08/20/2024","17,173.6","17,237.9","17,241.8","17,074.6","","-0.34%"
"08/19/2024","17,231.6","17,296.7","17,315.5","17,151.7","","-0.38%"
"08/16/2024","17,297.4","17,221.3","17,308.8","17,214.3","","0.49%"
"08/15/2024","17,213.5","17,264.1","17,317.2","17,180.4","","-0.28%"
"08/14/2024","17,261.3","17,404.7","17,414.2","17,218.2","","-0.79%"
"08/13/2024","17,398.8","17,441.2","17,458.2","17,289.1","","-0.21%"
"08/12/2024","17,434.9","17,382.1","17,458.2","17,375.0","","0.33%"
"08/09/2024","17,378.3","17,354.4","17,410.9","17,342.2","","0.17%"
"08/08/2024","17,348.7","17,513.4","17,534.3","17,296.4","","-0.90%"
"08/07/2024","17,506.4","17,670.8","17,674.0","17,494.2","","-0.89%"
"08/06/2024","17,662.9","17,727.4","17,766.8","17,624.7","","-0.32%"
"08/05/2024","17,720.3","17,694.4","17,817.3","17,599.3","","0.29%"
"08/02/2024","17,668.8","17,515.9","17,700.9","17,473.6","","0.88%"
"08/01/2024","17,513.8","17,603.9","17,619.3","17,495.7","","-0.47%"
"07/31/2024","17,596.0","17,629.3","17,666.4","17,563.2","","-0.15%"
"07/30/2024","17,623.0","17,616.6","17,669.3","17,599.1","","0.09%"
"07/29/2024","17,607.9","17,697.5","17,710.2","17,586.5","","-0.40%"
"07/26/2024","17,679.0","17,626.4","17,705.6","17,619.9","","0.36%"
"07/25/2024","17,616.1","17,577.9","17,664.6","17,568.1","","0.27%"
"07/24/2024","17,568.4","17,594.3","17,621.7","17,553.5","","-0.09%"
"07/23/2024","17,584.1","17,666.8","17,670.9","17,577.3","","-0.42%"
"07/22/2024","17,658.1","17,616.3","17,685.1","17,615.5","","0.31%"
"07/19/2024","17,604.4","17,602.5","17,669.0","17,585.5","","0.05%"
"07/18/2024","17,595.4","17,610.2","17,681.1","17,597.6","","-0.04%"
"07/17/2024","17,603.1","17,634.6","17,641.9","17,557.1","","-0.13%"
"07/16/2024","17,625.9","17,617.2","17,702.5","17,589.3","","0.09%"
"07/15/2024","17,610.2","17,570.5","17,662.5","17,558.3","","0.08%"
"07/12/2024","17,596.8","17,599.4","17,612.3","17,526.3","","0.01%"
"07/11/2024","17,595.3","17,588.7","17,653.6","17,541.3","","0.07%"
"07/10/2024","17,582.5","17,571.9","17,627.6","17,557.1","","0.10%"
"07/09/2024","17,564.1","17,602.5","17,659.4","17,558.1","","-0.12%"
"07/08/2024","17,585.8","17,593.5","17,636.7","17,582.1","","-0.28%"
"07/05/2024","17,635.6","17,656.0","17,679.6","17,596.8","","-0.08%"
"07/04/2024","17,649.0","17,659.1","17,672.2","17,608.5","","0.00%"
"07/03/2024","17,649.7","17,612.6","17,708.2","17,585.9","","0.23%"
"07/02/2024","17,609.4","17,531.5","17,620.8","17,516.0","","0.49%"
"07/01/2024","17,524.4","17,569.6","17,652.6","17,496.4","","-0.07%"
"06/28/2024","17,537.2","17,550.2","17,564.9","17,506.5","","-0.05%"
"06/27/2024","17,545.9","17,520.5","17,590.4","17,511.9","","0.18%"
"06/26/2024","17,513.6","17,543.4","17,627.6","17,496.8","","-0.13%"
"06/25/2024","17,537.2","17,597.3","17,676.8","17,505.7","","-0.30%"
"06/24/2024","17,589.8","17,581.8","17,618.6","17,549.4","","0.05%"
"06/21/2024","17,581.3","17,583.4","17,658.5","17,560.4","","0.04%"
"06/20/2024","17,574.8","17,582.6","17,647.2","17,576.4","","0.00%"
"06/19/2024","17,575.6","17,613.6","17,624.9","17,550.0","","-0.17%"
"06/18/2024","17,604.9","17,604.6","17,650.5","17,562.8","","0.04%"
"06/17/2024","17,598.4","17,551.3","17,611.1","17,525.0","","0.32%"
"06/14/2024","17,542.7","17,469.1","17,601.6","17,463.4","","0.47%"
"06/13/2024","17,460.5","17,612.7","17,624.9","17,461.8","","-0.82%"
"06/12/2024","17,604.6","17,498.7","17,684.4","17,485.7","","0.66%"
"06/11/2024","17,488.5","17,525.4","17,557.0","17,461.3","","-0.16%"
"06/10/2024","17,516.8","17,485.2","17,551.1","17,430.1","","0.18%"
"06/07/2024","17,485.2","17,708.8","17,717.7","17,488.4","","-1.20%"
"06/06/2024","17,698.4","17,700.2","17,745.2","17,660.8","","0.04%"
"06/05/2024","17,691.5","17,646.6","17,738.4","17,643.3","","0.30%"
"06/04/2024","17,638.7","17,696.4","17,717.5","17,613.3","","-0.28%"
"06/03/2024","17,688.5","17,632.9","17,699.6","17,571.4","","0.44%"
"05/31/2024","17,611.2","17,613.6","17,684.9","17,561.4","","0.04%"
"05/30/2024","17,604.2","17,456.0","17,634.8","17,444.7","","0.90%"
"05/29/2024","17,447.4","17,468.9","17,550.0","17,452.0","","-0.07%"
"05/28/2024","17,460.3","17,445.0","17,521.2","17,435.3","","0.13%"
"05/27/2024","17,437.9","17,357.5","17,459.4","17,342.3","","0.56%"
"05/24/2024","17,341.2","17,295.1","17,365.5","17,279.9","","0.30%"
"05/23/2024","17,290.0","17,308.7","17,371.1","17,279.1","","-0.07%"
"05/22/2024","17,302.8","17,360.4","17,388.6","17,299.1","","-0.29%"
"05/21/2024","17,352.3","17,347.3","17,417.5","17,340.1","","0.10%"
"05/20/2024","17,335.4","17,336.7","17,395.4","17,332.7","","-0.01%"
"05/17/2024","17,337.7","17,304.1","17,365.6","17,287.2","","0.23%"
"05/16/2024","17,297.1","17,445.9","17,462.8","17,285.0","","-0.81%"
"05/15/2024","17,438.4","17,418.6","17,448.3","17,344.2","","0.19%"
"05/14/2024","17,406.2","17,347.1","17,430.7","17,334.1","","0.37%"
"05/13/2024","17,341.7","17,286.1","17,378.5","17,274.8","","0.40%"
"05/10/2024","17,273.5","17,299.7","17,313.4","17,263.6","","-0.11%"
"05/09/2024","17,292.7","17,243.6","17,305.3","17,205.9","","0.33%"
"05/08/2024","17,236.6","17,254.8","17,287.9","17,222.7","","-0.07%"
"05/07/2024","17,247.8","17,258.9","17,309.3","17,244.4","","-0.01%"
"05/06/2024","17,250.3","17,309.6","17,325.7","17,208.1","","-0.28%"
"05/03/2024","17,298.9","17,361.7","17,391.6","17,251.4","","-0.31%"
"05/02/2024","17,353.1","17,416.1","17,435.0","17,275.9","","-0.32%"
"05/01/2024","17,409.1","17,342.1","17,452.7","17,315.3","","0.43%"
"04/30/2024","17,334.3","17,431.9","17,456.7","17,339.7","","-0.48%"
"04/29/2024","17,418.4","17,336.6","17,445.0","17,331.7","","0.53%"
"04/26/2024","17,326.4","17,372.4","17,432.2","17,301.7","","-0.22%"
"04/25/2024","17,364.9","17,284.2","17,389.0","17,275.3","","0.52%"
"04/24/2024","17,275.7","17,357.0","17,379.7","17,249.5","","-0.42%"
"04/23/2024","17,348.4","17,298.4","17,376.1","17,276.1","","0.35%"
"04/22/2024","17,288.2","17,321.3","17,344.9","17,246.4","","-0.14%"
"04/19/2024","17,312.8","17,217.5","17,357.9","17,167.3","","0.60%"
"04/18/2024","17,209.7","17,311.6","17,316.5","17,211.8","","-0.54%"
"04/17/2024","17,303.0","17,177.0","17,323.0","17,164.9","","0.79%"
"04/16/2024","17,167.7","16,833.7","17,233.7","16,806.0","","2.04%"
"04/15/2024","16,825.3","16,854.3","16,900.3","16,826.6","","-0.19%"
"04/12/2024","16,856.9","16,996.1","17,002.5","16,830.6","","-0.76%"
"04/11/2024","16,986.8","17,023.9","17,045.3","16,951.8","","-0.15%"
"04/10/2024","17,012.2","17,202.9","17,219.6","16,999.3","","-1.06%"
"04/09/2024","17,194.3","17,206.1","17,248.9","17,187.1","","-0.02%"
"04/08/2024","17,197.5","17,180.7","17,212.4","17,144.3","","0.20%"
"04/05/2024","17,162.6","17,221.1","17,237.4","17,098.3","","-0.31%"
"04/04/2024","17,216.8","17,246.1","17,287.1","17,214.0","","-0.16%"
"04/03/2024","17,243.9","17,124.3","17,253.3","17,113.9","","0.75%"
"04/02/2024","17,115.7","17,071.4","17,136.2","17,048.1","","0.30%"
"04/01/2024","17,065.3","17,104.4","17,177.7","17,050.8","","-0.22%"
"03/29/2024","17,103.7","17,107.5","17,132.9","17,071.1","","0.04%"
"03/28/2024","17,097.4","17,167.0","17,199.7","17,082.2","","-0.36%"
"03/27/2024","17,159.2","17,102.9","17,188.9","17,084.8","","0.37%"
"03/26/2024","17,095.2","17,120.5","17,155.8","17,090.3","","-0.12%"
"03/25/2024","17,115.5","17,055.0","17,130.0","17,044.8","","0.41%"
"03/22/2024","17,044.9","17,006.8","17,113.6","16,990.3","","0.26%"
"03/21/2024","17,001.3","17,160.8","17,191.4","16,998.9","","-0.91%"
"03/20/2024","17,156.9","17,072.8","17,166.3","17,028.8","","0.52%"
"03/19/2024","17,068.9","17,059.7","17,104.7","17,025.6","","0.10%"
"03/18/2024","17,051.2","16,987.1","17,112.3","16,966.0","","0.46%"
"03/15/2024","16,972.8","16,955.7","17,014.0","16,943.3","","0.15%"
"03/14/2024","16,947.2","17,050.7","17,065.6","16,951.0","","-0.55%"
"03/13/2024","17,041.4","17,035.2","17,077.2","16,996.6","","0.10%"
"03/12/2024","17,025.1","17,032.1","17,062.5","16,995.4","","-0.02%"
"03/11/2024","17,028.2","17,061.7","17,068.7","17,014.9","","-0.10%"
"03/08/2024","17,045.3","17,136.4","17,149.7","17,022.7","","-0.50%"
"03/07/2024","17,130.5","17,108.3","17,139.5","17,010.4","","0.16%"
"03/06/2024","17,102.8","17,123.6","17,138.1","17,036.2","","-0.06%"
"03/05/2024","17,112.9","17,087.3","17,151.9","17,071.7","","0.20%"
"03/04/2024","17,078.8","17,022.7","17,105.4","17,015.7","","0.41%"
"03/01/2024","17,008.7","16,977.7","17,025.1","16,952.1","","0.22%"
"02/29/2024","16,971.5","16,996.3","17,061.8","16,964.3","","-0.11%"
"02/28/2024","16,990.8","16,960.0","17,012.7","16,933.5","","0.21%"
"02/27/2024","16,954.6","16,957.0","17,000.9","16,941.3","","0.02%"
"02/26/2024","16,951.6","16,882.6","16,975.0","16,861.6","","0.51%"
"02/23/2024","16,865.3","16,874.6","16,905.2","16,857.8","","-0.01%"
"02/22/2024","16,867.7","16,910.8","16,976.0","16,840.3","","-0.23%"
"02/21/2024","16,907.0","16,923.8","16,964.9","16,869.4","","-0.03%"
"02/20/2024","16,912.1","16,847.6","16,974.7","16,824.9","","0.43%"
"02/19/2024","16,839.1","16,832.9","16,871.8","16,820.2","","0.09%"
"02/16/2024","16,823.6","16,822.7","16,874.5","16,762.6","","0.03%"
"02/15/2024","16,818.9","16,728.2","16,847.0","16,675.5","","0.57%"
"02/14/2024","16,723.4","16,700.9","16,741.5","16,677.5","","0.19%"
"02/13/2024","16,692.2","16,796.8","16,835.8","16,686.1","","-0.58%"
"02/12/2024","16,790.4","16,856.1","16,888.1","16,772.7","","-0.37%"
"02/09/2024","16,852.3","16,853.0","16,878.8","16,825.6","","0.06%"
"02/08/2024","16,842.9","16,842.0","16,869.4","16,793.6","","0.05%"
"02/07/2024","16,835.1","16,917.6","16,934.1","16,816.2","","-0.45%"
"02/06/2024","16,910.7","16,871.9","16,939.7","16,863.2","","0.28%"
"02/05/2024","16,863.4","16,885.1","16,954.3","16,839.7","","-0.11%"
"02/02/2024","16,882.3","17,139.2","17,152.6","16,878.8","","-1.45%"
"02/01/2024","17,131.1","17,064.5","17,145.5","16,992.6","","0.40%"
"01/31/2024","17,062.2","17,113.4","17,182.1","17,033.7","","-0.27%"
"01/30/2024","17,108.6","17,127.0","17,143.6","17,066.1","","-0.08%"
"01/29/2024","17,121.6","17,160.7","17,175.8","17,067.7","","-0.24%"
"01/26/2024","17,162.4","17,159.1","17,220.9","17,105.4","","0.02%"
"01/25/2024","17,158.4","17,100.3","17,254.0","17,076.0","","0.39%"
"01/24/2024","17,091.8","16,965.6","17,175.7","16,950.7","","0.85%"
"01/23/2024","16,948.4","17,015.6","17,080.0","16,914.0","","-0.34%"
"01/22/2024","17,007.0","17,007.1","17,056.8","17,003.2","","-0.02%"
"01/19/2024","17,010.2","16,987.5","17,021.4","16,966.5","","0.18%"
"01/18/2024","16,979.8","17,019.4","17,051.9","16,941.5","","-0.19%"
"01/17/2024","17,012.4","16,952.6","17,023.4","16,948.7","","0.39%"
"01/16/2024","16,947.1","17,032.7","17,044.5","16,933.1","","-0.45%"
"01/15/2024","17,024.1","17,034.3","17,063.6","17,006.3","","0.02%"
"01/12/2024","17,020.2","17,062.1","17,104.5","17,003.9","","-0.19%"
"01/11/2024","17,052.9","17,084.4","17,099.3","16,993.7","","-0.14%"
"01/10/2024","17,076.4","16,965.7","17,085.2","16,956.4","","0.71%"
"01/09/2024","16,956.3","17,003.0","17,023.1","16,932.3","","-0.21%"
"01/08/2024","16,992.8","16,982.7","17,045.7","16,957.1","","0.14%"
"01/05/2024","16,969.5","16,956.9","17,065.7","16,874.9","","0.14%"
"01/04/2024","16,945.2","16,906.5","16,997.2","16,897.2","","0.27%"
"01/03/2024","16,900.3","16,938.1","17,008.8","16,861.6","","-0.11%"
"01/02/2024","16,918.7","17,005.2","17,079.3","16,920.3","","-0.49%"
"01/01/2024","17,002.2","17,004.4","17,009.8","16,992.1","","0.07%"
"12/29/2023","16,989.9","17,056.1","17,117.1","16,988.3","","-0.34%"
"12/28/2023","17,047.4","17,138.1","17,178.7","17,046.0","","-0.46%"
"12/27/2023","17,126.4","17,097.3","17,163.6","16,974.8","","0.20%"
"12/26/2023","17,093.0","17,046.2","17,101.2","17,043.1","","0.32%"
"12/25/2023","17,038.8","17,057.1","17,064.8","17,020.7","","-0.03%"
"12/22/2023","17,043.5","17,093.0","17,146.5","17,015.5","","-0.24%"
"12/21/2023","17,084.4","16,969.5","17,098.5","16,963.3","","0.74%"
"12/20/2023","16,959.4","17,025.3","17,033.0","16,951.7","","-0.35%"
"12/19/2023","17,019.0","16,943.1","17,036.9","16,917.4","","0.50%"
"12/18/2023","16,934.6","16,891.5","16,968.3","16,873.7","","0.35%"
"12/15/2023","16,874.8","17,037.4","17,073.6","16,869.0","","-0.91%"
"12/14/2023","17,030.6","17,028.7","17,067.1","16,839.8","","0.05%"
"12/13/2023","17,021.7","16,858.7","17,065.5","16,822.1","","1.01%"
"12/12/2023","16,851.7","16,806.4","16,914.9","16,799.4","","0.30%"
"12/11/2023","16,801.0","16,691.9","16,832.2","16,684.9","","0.70%"
"12/08/2023","16,684.9","16,748.4","16,758.5","16,631.4","","-0.32%"
"12/07/2023","16,738.4","16,683.9","16,784.1","16,675.4","","0.41%"
"12/06/2023","16,670.3","16,739.2","16,753.6","16,667.6","","-0.37%"
"12/05/2023","16,732.3","16,747.0","16,826.4","16,710.5","","-0.06%"
"12/04/2023","16,741.6","16,858.5","16,871.7","16,696.8","","-0.62%"
"12/01/2023","16,845.3","16,887.3","16,962.6","16,767.9","","-0.19%"
"11/30/2023","16,877.2","16,889.9","17,012.6","16,872.6","","-0.02%"
"11/29/2023","16,879.8","16,966.2","17,006.3","16,872.2","","-0.46%"
"11/28/2023","16,957.6","16,972.7","16,993.2","16,876.6","","-0.05%"
"11/27/2023","16,966.2","17,023.4","17,044.4","16,927.0","","-0.32%"
"11/24/2023","17,021.1","16,962.7","17,042.1","16,950.3","","0.39%"
"11/23/2023","16,955.7","16,958.1","17,032.0","16,934.0","","0.03%"
"11/22/2023","16,951.1","16,846.6","17,025.4","16,842.7","","0.67%"
"11/21/2023","16,838.0","16,896.8","16,991.8","16,828.8","","-0.30%"
"11/20/2023","16,888.3","16,907.0","16,982.0","16,787.4","","-0.04%"
"11/17/2023","16,894.9","16,869.4","16,913.2","16,769.9","","0.20%"
"11/16/2023","16,860.9","16,850.8","16,938.6","16,842.3","","0.10%"
"11/15/2023","16,843.8","17,074.0","17,081.1","16,815.5","","-1.32%"
"11/14/2023","17,069.2","16,797.4","17,089.0","16,782.7","","1.68%"
"11/13/2023","16,787.4","16,768.5","16,822.4","16,743.3","","0.17%"
"11/10/2023","16,758.5","16,700.0","16,783.4","16,692.1","","0.40%"
"11/09/2023","16,692.3","16,756.5","16,792.3","16,687.4","","-0.35%"
"11/08/2023","16,751.1","16,722.5","16,772.1","16,675.8","","0.20%"
"11/07/2023","16,717.2","16,651.5","16,735.0","16,603.4","","0.41%"
"11/06/2023","16,648.9","16,876.7","16,884.6","16,645.2","","-1.32%"
"11/03/2023","16,871.3","16,842.8","16,905.8","16,704.5","","0.23%"
"11/02/2023","16,832.7","16,841.7","16,914.9","16,776.4","","-0.01%"
"11/01/2023","16,834.8","16,796.8","16,871.9","16,758.0","","0.24%"
"10/31/2023","16,794.7","16,868.8","16,958.0","16,767.4","","-0.38%"
"10/30/2023","16,858.8","16,842.2","16,884.7","16,758.4","","0.15%"
"10/27/2023","16,833.7","16,808.3","16,893.2","16,792.8","","0.16%"
"10/26/2023","16,806.2","16,774.6","16,820.7","16,748.4","","0.29%"
"10/25/2023","16,758.2","16,786.7","16,837.0","16,765.9","","-0.11%"
"10/24/2023","16,776.7","17,001.1","17,011.4","16,772.5","","-1.28%"
"10/23/2023","16,994.1","16,818.0","17,016.2","16,798.1","","1.09%"
"10/20/2023","16,811.1","16,733.9","16,834.6","16,713.3","","0.49%"
"10/19/2023","16,728.6","16,571.6","16,791.6","16,566.8","","0.98%"
"10/18/2023","16,566.3","16,618.6","16,669.9","16,551.9","","-0.28%"
"10/17/2023","16,613.3","16,601.1","16,650.8","16,551.8","","0.13%"
"10/16/2023","16,591.9","16,477.6","16,605.8","16,477.6","","0.69%"
"10/13/2023","16,478.1","16,517.7","16,596.3","16,458.8","","-0.19%"
"10/12/2023","16,510.0","16,668.6","16,710.7","16,514.5","","-0.89%"
"10/11/2023","16,658.1","16,687.0","16,702.7","16,601.9","","-0.12%"
"10/10/2023","16,678.5","16,579.6","16,711.4","16,564.3","","0.65%"
"10/09/2023","16,571.2","16,488.8","16,589.0","16,467.8","","0.31%"
"10/06/2023","16,519.4","16,473.8","16,547.4","16,362.9","","0.33%"
"10/05/2023","16,465.4","16,425.6","16,477.7","16,393.6","","0.33%"
"10/04/2023","16,410.9","16,312.3","16,463.9","16,295.9","","0.69%"
"10/03/2023","16,299.2","16,271.6","16,350.4","16,251.4","","0.22%"
"10/02/2023","16,264.0","16,332.8","16,458.1","16,270.0","","-0.41%"
"09/29/2023","16,330.7","16,398.4","16,418.0","16,325.9","","-0.32%"
"09/28/2023","16,382.3","16,299.9","16,419.4","16,281.3","","0.56%"
"09/27/2023","16,290.8","16,371.4","16,421.7","16,276.6","","-0.47%"
"09/26/2023","16,367.7","16,313.2","16,435.7","16,294.0","","0.39%"
"09/25/2023","16,303.3","16,382.1","16,413.6","16,284.0","","-0.42%"
"09/22/2023","16,372.1","16,389.8","16,421.3","16,329.6","","-0.06%"
"09/21/2023","16,381.3","16,395.1","16,412.8","16,335.2","","-0.04%"
"09/20/2023","16,388.2","16,428.9","16,515.0","16,378.9","","-0.17%"
"09/19/2023","16,415.9","16,425.9","16,485.1","16,414.8","","-0.06%"
"09/18/2023","16,425.2","16,370.4","16,445.1","16,366.5","","0.43%"
"09/15/2023","16,355.4","16,336.2","16,410.3","16,326.2","","0.13%"
"09/14/2023","16,333.9","16,490.5","16,513.5","16,323.9","","-0.91%"
"09/13/2023","16,483.6","16,496.6","16,541.2","16,463.6","","-0.04%"
"09/12/2023","16,489.7","16,475.9","16,514.3","16,421.5","","0.14%"
"09/11/2023","16,465.9","16,421.5","16,489.7","16,409.2","","0.46%"
"09/08/2023","16,390.9","16,392.4","16,465.9","16,387.8","","0.00%"
"09/07/2023","16,390.9","16,402.7","16,456.3","16,376.3","","-0.07%"
"09/06/2023","16,401.6","16,367.1","16,458.6","16,305.9","","0.20%"
"09/05/2023","16,369.4","16,453.1","16,468.1","16,343.5","","-0.43%"
"09/04/2023","16,440.1","16,424.9","16,478.7","16,415.8","","0.17%"
"09/01/2023","16,412.7","16,509.3","16,584.9","16,415.0","","-0.56%"
"08/31/2023","16,505.4","16,651.2","16,673.3","16,500.9","","-0.82%"
"08/30/2023","16,642.7","16,602.1","16,682.5","16,534.8","","0.29%"
"08/29/2023","16,594.4","16,534.6","16,622.0","16,452.6","","0.37%"
"08/28/2023","16,533.8","16,520.1","16,557.4","16,507.9","","0.12%"
"08/25/2023","16,513.2","16,479.8","16,583.6","16,444.8","","0.24%"
"08/24/2023","16,472.9","16,615.0","16,634.8","16,471.5","","-0.79%"
"08/23/2023","16,603.4","16,613.7","16,646.8","16,520.9","","0.01%"
"08/22/2023","16,602.2","16,693.5","16,753.3","16,590.0","","-0.50%"
"08/21/2023","16,685.0","16,627.0","16,726.5","16,613.3","","0.48%"
"08/18/2023","16,604.8","16,615.1","16,689.1","16,575.8","","-0.04%"
"08/17/2023","16,610.9","16,621.2","16,687.0","16,589.9","","-0.07%"
"08/16/2023","16,623.1","16,731.3","16,739.8","16,613.6","","-0.59%"
"08/15/2023","16,721.3","16,702.5","16,802.7","16,692.6","","0.16%"
"08/14/2023","16,694.0","16,665.0","16,786.0","16,630.8","","0.29%"
"08/11/2023","16,645.8","16,674.7","16,747.0","16,649.0","","-0.12%"
"08/10/2023","16,666.1","16,671.6","16,803.0","16,658.7","","-0.01%"
"08/09/2023","16,668.0","16,672.3","16,703.5","16,650.3","","0.01%"
"08/08/2023","16,666.5","16,707.3","16,763.8","16,630.4","","-0.22%"
"08/07/2023","16,704.1","16,714.3","16,722.5","16,650.3","","0.04%"
"08/04/2023","16,696.7","16,621.5","16,751.5","16,587.6","","0.50%"
"08/03/2023","16,613.0","16,597.7","16,648.1","16,569.1","","0.14%"
"08/02/2023","16,589.9","16,600.8","16,703.1","16,567.3","","-0.02%"
"08/01/2023","16,593.8","16,580.5","16,633.1","16,486.4","","0.10%"
"07/31/2023","16,576.5","16,638.7","16,658.9","16,577.4","","-0.27%"
"07/28/2023","16,621.6","16,467.0","16,676.4","16,460.3","","1.02%"
"07/27/2023","16,454.0","16,640.9","16,725.8","16,448.3","","-1.12%"
"07/26/2023","16,641.1","16,571.2","16,680.7","16,520.3","","0.44%"
"07/25/2023","16,568.4","16,622.4","16,641.2","16,522.5","","-0.28%"
"07/24/2023","16,615.1","16,718.3","16,747.4","16,614.1","","-0.53%"
"07/21/2023","16,703.7","16,685.6","16,752.2","16,680.3","","0.17%"
"07/20/2023","16,675.3","16,794.4","16,843.5","16,663.1","","-0.66%"
"07/19/2023","16,785.8","16,834.9","16,855.1","16,755.4","","-0.25%"
"07/18/2023","16,827.8","16,859.6","16,911.9","16,807.1","","-0.16%"
"07/17/2023","16,855.5","16,804.8","16,881.7","16,775.6","","0.39%"
"07/14/2023","16,790.0","16,803.3","16,820.5","16,749.0","","-0.04%"
"07/13/2023","16,796.7","16,782.8","16,806.3","16,652.5","","0.13%"
"07/12/2023","16,775.5","16,666.9","16,797.8","16,598.8","","0.71%"
"07/11/2023","16,657.6","16,714.7","16,734.5","16,618.4","","-0.30%"
"07/10/2023","16,707.5","16,604.6","16,717.8","16,582.7","","0.69%"
"07/07/2023","16,593.1","16,379.7","16,609.9","16,371.4","","1.34%"
"07/06/2023","16,374.0","16,295.8","16,400.0","16,280.0","","0.52%"
"07/05/2023","16,288.8","16,309.6","16,380.8","16,292.0","","-0.10%"
"07/04/2023","16,304.6","16,395.3","16,415.8","16,306.6","","-0.50%"
"07/03/2023","16,386.8","16,357.6","16,429.1","16,332.2","","0.20%"
"06/30/2023","16,354.1","16,287.9","16,390.6","16,243.6","","0.42%"
"06/29/2023","16,285.1","16,361.3","16,404.8","16,281.1","","-0.43%"
"06/28/2023","16,355.6","16,433.3","16,437.0","16,336.6","","-0.44%"
"06/27/2023","16,427.5","16,381.4","16,458.0","16,365.8","","0.37%"
"06/26/2023","16,366.9","16,338.2","16,404.6","16,333.0","","0.27%"
"06/23/2023","16,322.6","16,369.8","16,417.7","16,258.0","","-0.25%"
"06/22/2023","16,362.8","16,419.3","16,451.9","16,356.3","","-0.29%"
"06/21/2023","16,410.1","16,377.0","16,426.8","16,271.0","","0.26%"
"06/20/2023","16,367.0","16,378.5","16,450.4","16,338.0","","-0.02%"
"06/19/2023","16,370.6","16,341.9","16,405.5","16,326.9","","0.26%"
"06/16/2023","16,328.9","16,356.6","16,385.2","16,305.3","","-0.12%"
"06/15/2023","16,348.8","16,134.0","16,370.0","16,103.5","","1.34%"
"06/14/2023","16,132.8","16,036.9","16,185.4","16,026.5","","0.64%"
"06/13/2023","16,030.0","15,984.6","16,085.2","15,983.9","","0.28%"
"06/12/2023","15,984.9","15,954.5","16,038.1","15,931.5","","0.26%"
"06/09/2023","15,943.2","16,059.8","16,096.3","15,941.9","","-0.68%"
"06/08/2023","16,052.9","15,917.4","16,068.0","15,912.2","","0.89%"
"06/07/2023","15,911.8","15,889.1","15,979.2","15,876.8","","0.17%"
"06/06/2023","15,884.5","15,953.1","15,958.4","15,850.4","","-0.38%"
"06/05/2023","15,944.8","16,057.3","16,060.3","15,893.6","","-0.61%"
"06/02/2023","16,042.9","16,133.7","16,158.5","16,046.0","","-0.50%"
"06/01/2023","16,123.9","16,024.3","16,142.7","15,980.8","","0.67%"
"05/31/2023","16,016.0","16,087.9","16,090.5","15,941.1","","-0.39%"
"05/30/2023","16,078.0","16,029.1","16,105.1","15,989.6","","0.36%"
"05/29/2023","16,020.0","16,040.7","16,085.1","16,025.4","","-0.08%"
"05/26/2023","16,032.4","16,029.4","16,090.8","16,003.3","","0.08%"
"05/25/2023","16,019.5","16,017.5","16,078.8","16,003.3","","0.06%"
"05/24/2023","16,009.2","16,028.7","16,095.0","16,013.8","","-0.07%"
"05/23/2023","16,020.4","16,099.1","16,113.2","16,010.1","","-0.45%"
"05/22/2023","16,092.2","16,139.9","16,164.5","16,074.5","","-0.15%"
"05/19/2023","16,116.6","16,011.1","16,163.0","15,994.0","","0.71%"
"05/18/2023","16,002.7","16,113.7","16,126.3","15,997.7","","-0.65%"
"05/17/2023","16,106.8","16,097.5","16,182.6","16,068.3","","0.10%"
"05/16/2023","16,090.6","16,093.5","16,162.0","16,068.8","","0.03%"
"05/15/2023","16,085.1","16,012.6","16,119.4","15,995.6","","0.56%"
"05/12/2023","15,995.4","16,070.0","16,140.1","16,000.1","","-0.45%"
"05/11/2023","16,066.9","16,169.5","16,195.3","16,047.9","","-0.59%"
"05/10/2023","16,162.6","16,145.6","16,208.5","16,110.6","","0.15%"
"05/09/2023","16,138.6","16,178.8","16,238.5","16,115.4","","-0.20%"
"05/08/2023","16,170.4","16,190.9","16,266.3","16,162.3","","0.04%"
"05/05/2023","16,163.4","16,165.6","16,220.3","16,093.3","","0.03%"
"05/04/2023","16,158.6","16,241.6","16,283.5","16,126.7","","-0.47%"
"05/03/2023","16,234.6","16,174.2","16,289.3","16,174.2","","0.40%"
"05/02/2023","16,170.0","16,097.4","16,188.2","16,078.5","","0.47%"
"05/01/2023","16,094.8","16,189.1","16,192.7","16,083.5","","-0.41%"
"04/28/2023","16,160.8","16,215.4","16,231.6","16,081.3","","-0.30%"
"04/27/2023","16,209.7","16,380.8","16,392.7","16,161.0","","-0.99%"
"04/26/2023","16,372.3","16,287.9","16,460.9","16,280.5","","0.55%"
"04/25/2023","16,282.5","16,397.8","16,429.7","16,275.3","","-0.62%"
"04/24/2023","16,384.8","16,316.1","16,405.2","16,278.3","","0.49%"
"04/21/2023","16,304.7","16,285.0","16,321.3","16,237.5","","0.18%"
"04/20/2023","16,275.0","16,264.2","16,315.4","16,229.3","","0.12%"
"04/19/2023","16,255.7","16,287.9","16,306.5","16,205.5","","-0.15%"
"04/18/2023","16,279.5","16,156.6","16,305.0","16,152.9","","0.78%"
"04/17/2023","16,154.1","16,155.3","16,269.7","16,113.4","","-0.06%"
"04/14/2023","16,163.0","16,289.5","16,321.2","16,128.8","","-0.75%"
"04/13/2023","16,285.5","16,356.1","16,376.2","16,211.6","","-0.37%"
"04/12/2023","16,346.1","16,238.8","16,369.5","16,207.0","","0.67%"
"04/11/2023","16,236.7","16,188.0","16,264.9","16,179.1","","0.36%"
"04/10/2023","16,178.8","16,256.1","16,284.9","16,140.4","","-0.42%"
"04/07/2023","16,247.4","16,287.4","16,292.7","16,219.6","","-0.22%"
"04/06/2023","16,283.2","16,275.7","16,313.1","16,233.0","","0.06%"
"04/05/2023","16,273.2","16,317.6","16,390.2","16,254.1","","-0.24%"
"04/04/2023","16,313.0","16,312.8","16,349.6","16,218.5","","0.06%"
"04/03/2023","16,302.9","16,264.5","16,343.5","16,170.3","","0.34%"
"03/31/2023","16,247.7","16,410.3","16,441.1","16,248.8","","-0.93%"
"03/30/2023","16,400.6","16,336.5","16,441.9","16,291.3","","0.43%"
"03/29/2023","16,329.6","16,361.3","16,397.5","16,304.8","","-0.17%"
"03/28/2023","16,356.7","16,369.0","16,403.9","16,292.6","","-0.03%"
"03/27/2023","16,361.3","16,316.6","16,373.6","16,288.7","","0.38%"
"03/24/2023","16,299.9","16,617.1","16,633.2","16,235.5","","-1.89%"
"03/23/2023","16,613.2","16,658.5","16,772.9","16,609.4","","-0.23%"
"03/22/2023","16,651.6","16,522.7","16,746.8","16,508.9","","0.81%"
"03/21/2023","16,518.1","16,469.8","16,555.7","16,433.0","","0.35%"
"03/20/2023","16,460.6","16,414.6","16,483.6","16,329.2","","0.60%"
"03/17/2023","16,361.6","16,316.6","16,397.7","16,283.3","","0.35%"
"03/16/2023","16,305.2","16,252.3","16,358.9","16,225.9","","0.38%"
"03/15/2023","16,243.2","16,512.7","16,533.1","16,157.1","","-1.59%"
"03/14/2023","16,505.8","16,487.4","16,539.6","16,427.7","","0.16%"
"03/13/2023","16,479.7","16,448.8","16,538.4","16,363.7","","0.25%"
"03/10/2023","16,438.1","16,322.7","16,533.8","16,316.6","","0.76%"
"03/09/2023","16,314.4","16,276.2","16,337.4","16,264.6","","0.28%"
"03/08/2023","16,269.4","16,193.5","16,321.7","16,177.0","","0.53%"
"03/07/2023","16,184.4","16,335.8","16,427.5","16,187.3","","-0.87%"
"03/06/2023","16,326.7","16,247.1","16,358.0","16,241.0","","0.40%"
"03/03/2023","16,261.6","16,193.7","16,278.4","16,188.4","","0.47%"
"03/02/2023","16,185.4","16,251.9","16,278.9","16,159.4","","-0.37%"
"03/01/2023","16,245.8","16,128.4","16,290.0","16,110.8","","0.76%"
"02/28/2023","16,123.1","16,193.8","16,237.4","16,118.0","","-0.42%"
"02/27/2023","16,191.6","16,049.4","16,217.5","16,049.4","","0.88%"
"02/24/2023","16,051.0","16,096.8","16,137.9","16,040.3","","-0.23%"
"02/23/2023","16,088.5","16,118.9","16,147.8","16,065.7","","-0.16%"
"02/22/2023","16,113.5","16,171.3","16,230.3","16,111.3","","-0.32%"
"02/21/2023","16,166.0","16,197.3","16,251.0","16,157.6","","-0.14%"
"02/20/2023","16,188.6","16,248.4","16,259.1","16,173.1","","-0.41%"
"02/17/2023","16,254.9","16,178.0","16,265.2","16,132.9","","0.55%"
"02/16/2023","16,165.2","16,253.1","16,284.6","16,147.7","","-0.51%"
"02/15/2023","16,247.3","16,278.3","16,319.2","16,207.5","","-0.13%"
"02/14/2023","16,268.9","16,292.1","16,379.8","16,230.5","","-0.10%"
"02/13/2023","16,285.2","16,161.1","16,305.0","16,124.7","","0.81%"
"02/10/2023","16,154.3","16,208.5","16,273.8","16,140.6","","-0.29%"
"02/09/2023","16,200.6","16,173.6","16,291.5","16,170.6","","0.22%"
"02/08/2023","16,165.2","16,244.5","16,259.0","16,170.6","","-0.46%"
"02/07/2023","16,239.2","16,149.5","16,308.1","16,143.5","","0.56%"
"02/06/2023","16,148.7","16,069.0","16,262.8","16,054.9","","0.48%"
"02/03/2023","16,070.8","16,232.6","16,293.1","16,071.2","","-0.97%"
"02/02/2023","16,228.6","16,457.5","16,524.2","16,196.9","","-1.35%"
"02/01/2023","16,450.5","16,285.1","16,474.7","16,249.9","","1.07%"
"01/31/2023","16,276.7","16,242.5","16,302.4","16,191.5","","0.30%"
"01/30/2023","16,228.0","16,295.4","16,339.0","16,225.2","","-0.31%"
"01/27/2023","16,278.8","16,280.8","16,327.7","16,238.5","","0.03%"
"01/26/2023","16,273.6","16,337.3","16,367.4","16,217.3","","-0.34%"
"01/25/2023","16,328.8","16,207.3","16,349.3","16,198.3","73.41K","0.84%"
"01/24/2023","16,193.4","16,389.5","16,406.9","16,129.1","70.09K","-1.13%"
"01/23/2023","16,378.1","16,371.5","16,473.2","16,349.6","72.10K","0.13%"
"01/20/2023","16,357.0","16,362.2","16,422.7","16,283.3","77.87K","0.05%"
"01/19/2023","16,348.8","16,279.4","16,373.5","16,267.3","103.21K","0.42%"
"01/18/2023","16,279.7","16,363.0","16,432.3","16,243.6","110.22K","-0.46%"
"01/17/2023","16,354.6","16,281.7","16,484.4","16,260.7","109.32K","0.54%"
"01/16/2023","16,267.3","16,408.1","16,466.4","16,248.8","66.81K","-0.77%"
"01/13/2023","16,393.6","16,638.1","16,669.6","16,325.6","98.23K","-1.46%"
"01/12/2023","16,636.5","16,654.5","16,683.2","16,454.2","95.80K","-0.07%"
"01/11/2023","16,648.7","16,718.6","16,735.0","16,604.7","88.07K","-0.38%"
"01/10/2023","16,712.8","16,696.1","16,755.2","16,671.6","94.48K","0.09%"
"01/09/2023","16,698.1","16,628.3","16,753.0","16,572.6","87.56K","0.37%"
"01/06/2023","16,636.6","16,422.2","16,646.3","16,387.6","95.01K","1.34%"
"01/05/2023","16,416.5","16,529.0","16,590.8","16,410.5","81.44K","-0.62%"
"01/04/2023","16,518.5","16,452.2","16,578.9","16,440.5","90.36K","0.40%"
"01/03/2023","16,452.7","16,605.7","16,645.3","16,407.0","94.89K","-0.89%"
"01/02/2023","16,600.7","16,660.3","16,672.0","16,560.5","21.28K","-0.34%"
"12/30/2022","16,657.7","16,695.6","16,717.1","16,560.3","71.67K","-0.19%"
"12/29/2022","16,689.8","16,660.4","16,762.9","16,624.3","59.88K","0.19%"
"12/28/2022","16,657.7","16,668.0","16,762.4","16,614.8","56.11K","-0.01%"
"12/27/2022","16,659.1","16,629.1","16,711.9","16,598.8","68.45K","0.22%"
"12/26/2022","16,622.5","16,545.2","16,638.0","16,528.5","17.61K","0.45%"
"12/23/2022","16,547.2","16,509.7","16,582.5","16,495.6","94.39K","0.26%"
"12/22/2022","16,503.9","16,533.7","16,615.4","16,474.6","97.41K","-0.13%"
"12/21/2022","16,524.8","16,577.7","16,595.2","16,504.8","86.84K","-0.27%"
"12/20/2022","16,568.8","16,542.7","16,631.5","16,524.6","130.62K","0.18%"
"12/19/2022","16,538.5","16,519.3","16,624.6","16,495.1","91.87K","0.22%"
"12/16/2022","16,502.6","16,595.2","16,665.5","16,508.4","97.15K","-0.54%"
"12/15/2022","16,592.5","16,657.5","16,767.7","16,542.1","96.47K","-0.36%"
"12/14/2022","16,653.2","16,648.1","16,677.7","16,537.3","93.61K","0.07%"
"12/13/2022","16,641.3","16,462.0","16,712.3","16,457.3","76.78K","1.10%"
"12/12/2022","16,460.9","16,405.3","16,534.7","16,371.0","73.00K","0.32%"
"12/09/2022","16,407.8","16,493.7","16,536.6","16,371.8","81.85K","-0.49%"
"12/08/2022","16,488.5","16,431.9","16,503.8","16,365.8","89.93K","0.39%"
"12/07/2022","16,424.6","16,350.7","16,498.3","16,305.7","102.29K","0.47%"
"12/06/2022","16,347.3","16,223.9","16,450.7","16,222.3","84.10K","0.76%"
"12/05/2022","16,224.3","16,224.3","16,388.6","16,209.2","91.21K","-0.19%"
"12/02/2022","16,254.9","16,377.2","16,444.1","16,087.0","82.36K","-0.72%"
"12/01/2022","16,372.2","16,371.8","16,435.5","16,169.9","108.46K","0.03%"
"11/30/2022","16,367.1","16,260.4","16,407.2","16,186.9","92.39K","0.69%"
"11/29/2022","16,254.7","16,257.1","16,362.8","16,245.5","75.32K","0.03%"
"11/28/2022","16,249.8","16,271.2","16,504.7","16,206.2","78.61K","-0.24%"
"11/25/2022","16,289.0","16,306.2","16,346.9","16,228.1","70.33K","-0.08%"
"11/24/2022","16,302.0","16,310.8","16,354.7","16,263.1","68.70K","-0.02%"
"11/23/2022","16,304.6","16,175.0","16,322.6","16,151.6","74.61K","0.84%"
"11/22/2022","16,169.0","16,094.3","16,181.3","16,088.8","79.34K","0.50%"
"11/21/2022","16,088.6","16,186.4","16,211.5","16,062.1","82.28K","-0.65%"
"11/18/2022","16,193.2","16,229.5","16,310.3","16,177.7","95.24K","-0.19%"
"11/17/2022","16,223.8","16,218.8","16,301.4","16,139.4","98.98K","0.08%"
"11/16/2022","16,211.5","16,066.3","16,283.3","16,046.1","104.02K","0.86%"
"11/15/2022","16,074.1","16,017.7","16,280.7","15,966.9","104.80K","0.34%"
"11/14/2022","16,019.2","16,055.4","16,070.4","15,933.9","103.49K","-0.10%"
"11/11/2022","16,035.3","16,014.8","16,053.8","15,718.8","114.14K","0.12%"
"11/10/2022","16,016.3","15,675.2","16,036.8","15,586.5","128.91K","2.17%"
"11/09/2022","15,676.8","15,808.0","15,828.4","15,643.9","117.25K","-0.83%"
"11/08/2022","15,808.0","15,736.4","15,845.7","15,649.5","100.83K","0.46%"
"11/07/2022","15,734.8","15,591.8","15,758.4","15,529.2","94.61K","0.40%"
"11/04/2022","15,672.1","15,301.1","15,681.5","15,288.5","86.40K","2.40%"
"11/03/2022","15,304.2","15,358.7","15,420.7","15,268.1","76.16K","-0.35%"
"11/02/2022","15,358.7","15,426.6","15,605.9","15,349.3","77.51K","-0.45%"
"11/01/2022","15,428.1","15,407.9","15,551.6","15,383.6","71.16K","0.10%"
"10/31/2022","15,412.5","15,464.0","15,535.4","15,393.8","75.38K","-0.50%"
"10/28/2022","15,490.5","15,509.0","15,558.8","15,431.4","76.80K","-0.10%"
"10/27/2022","15,505.8","15,690.4","15,713.8","15,496.5","111.06K","-1.17%"
"10/26/2022","15,688.9","15,563.8","15,706.0","15,467.6","84.47K","0.80%"
"10/25/2022","15,563.8","15,385.5","15,582.5","15,379.3","74.14K","1.14%"
"10/24/2022","15,388.6","15,419.0","15,472.1","15,281.1","91.42K","-0.15%"
"10/21/2022","15,411.2","15,232.1","15,423.7","15,165.8","93.08K","1.18%"
"10/20/2022","15,232.1","15,141.7","15,328.7","15,101.8","92.86K","0.61%"
"10/19/2022","15,140.2","15,236.1","15,267.0","15,115.4","89.07K","-0.66%"
"10/18/2022","15,240.8","15,231.0","15,272.0","15,172.7","99.16K","0.04%"
"10/17/2022","15,234.1","14,999.3","15,255.8","14,988.5","88.45K","1.62%"
"10/14/2022","14,991.6","15,011.3","15,115.0","14,971.5","108.77K","-0.15%"
"10/13/2022","15,014.4","14,895.9","15,060.5","14,793.2","95.43K","0.76%"
"10/12/2022","14,900.5","14,903.6","14,970.9","14,842.1","93.41K","0.01%"
"10/11/2022","14,899.0","14,850.7","15,008.0","14,835.4","127.39K","0.31%"
"10/10/2022","14,852.2","14,845.9","14,919.6","14,820.1","97.42K","-0.02%"
"10/07/2022","14,855.0","14,863.1","14,969.4","14,829.1","78.73K","-0.08%"
"10/06/2022","14,867.6","15,003.2","15,079.5","14,860.0","89.45K","-0.95%"
"10/05/2022","15,010.8","15,220.6","15,229.8","14,936.3","88.93K","-1.37%"
"10/04/2022","15,219.1","15,032.3","15,243.5","14,981.4","86.26K","1.25%"
"10/03/2022","15,030.7","14,917.5","15,061.3","14,896.1","97.80K","0.75%"
"09/30/2022","14,919.0","14,977.7","15,021.9","14,818.5","94.24K","-0.39%"
"09/29/2022","14,977.7","14,852.6","14,977.7","14,704.5","96.46K","0.83%"
"09/28/2022","14,854.1","14,503.1","14,878.5","14,444.1","104.59K","2.42%"
"09/27/2022","14,503.1","14,532.1","14,645.2","14,465.3","104.40K","-0.19%"
"09/26/2022","14,530.6","14,559.9","14,672.8","14,381.0","109.96K","-0.26%"
"09/23/2022","14,568.9","14,768.8","14,791.3","14,532.8","91.08K","-1.31%"
"09/22/2022","14,762.8","14,750.6","14,875.4","14,705.6","103.98K","0.10%"
"09/21/2022","14,747.6","14,935.1","14,965.0","14,713.1","87.61K","-1.25%"
"09/20/2022","14,933.6","15,008.0","15,049.9","14,909.6","73.14K","-0.49%"
"09/19/2022","15,006.5","14,965.0","15,015.4","14,922.6","63.36K","0.23%"
"09/16/2022","14,972.4","14,893.5","15,003.8","14,869.8","73.05K","0.52%"
"09/15/2022","14,895.0","14,870.7","14,920.3","14,826.0","69.25K","0.11%"
"09/14/2022","14,878.2","14,805.5","14,939.3","14,781.7","87.94K","0.51%"
"09/13/2022","14,802.5","15,016.6","15,127.7","14,796.5","77.86K","-1.42%"
"09/12/2022","15,015.1","14,943.7","15,129.4","14,914.0","62.52K","0.87%"
"09/09/2022","14,885.8","14,890.5","14,994.1","14,872.5","76.58K","-0.01%"
"09/08/2022","14,887.5","14,913.5","14,938.2","14,789.3","86.50K","-0.18%"
"09/07/2022","14,915.0","14,739.1","14,929.9","14,655.5","82.81K","1.18%"
"09/06/2022","14,740.6","14,789.7","14,864.2","14,679.6","101.66K","-0.34%"
"09/05/2022","14,791.2","14,817.5","14,817.5","14,733.5","67.29K","-0.21%"
"09/02/2022","14,822.0","14,796.7","14,944.2","14,781.7","69.10K","0.17%"
"09/01/2022","14,796.7","14,918.7","14,951.4","14,744.6","85.99K","-0.86%"
"08/31/2022","14,924.6","14,859.3","14,955.8","14,795.5","87.75K","0.45%"
"08/30/2022","14,857.8","14,886.1","14,920.1","14,811.8","90.38K","-0.20%"
"08/29/2022","14,887.5","14,788.3","14,936.7","14,690.5","59.98K","0.88%"
"08/26/2022","14,757.2","14,780.0","14,946.8","14,736.8","61.08K","-0.15%"
"08/25/2022","14,780.0","14,793.0","14,868.9","14,741.5","82.65K","-0.09%"
"08/24/2022","14,793.0","14,789.0","14,843.5","14,708.4","67.71K","0.05%"
"08/23/2022","14,786.0","14,800.2","14,861.7","14,703.0","82.52K","-0.08%"
"08/22/2022","14,797.2","14,892.9","14,946.0","14,771.9","88.10K","-0.59%"
"08/19/2022","14,885.4","14,960.5","14,997.9","14,879.5","76.76K","-0.50%"
"08/18/2022","14,960.5","15,027.8","15,108.8","14,945.7","78.47K","-0.47%"
"08/17/2022","15,030.8","15,013.0","15,063.3","14,977.6","92.06K","0.10%"
"08/16/2022","15,016.0","14,975.8","15,051.4","14,943.7","63.72K","0.27%"
"08/15/2022","14,975.8","15,047.8","15,104.7","14,965.5","65.15K","-0.45%"
"08/12/2022","15,043.4","15,228.6","15,247.8","15,011.1","80.39K","-1.25%"
"08/11/2022","15,233.0","15,311.6","15,336.2","15,203.3","84.94K","-0.51%"
"08/10/2022","15,311.6","15,164.8","15,417.2","15,148.5","88.63K","0.98%"
"08/09/2022","15,163.3","15,166.5","15,216.8","15,130.7","80.78K","-0.01%"
"08/08/2022","15,165.1","15,158.3","15,210.8","15,128.5","67.99K","0.04%"
"08/05/2022","15,159.5","15,299.8","15,310.3","15,102.5","82.71K","-0.90%"
"08/04/2022","15,297.3","15,158.6","15,312.5","15,142.2","79.57K","0.95%"
"08/03/2022","15,153.0","15,139.7","15,225.7","15,095.2","80.08K","0.10%"
"08/02/2022","15,137.2","15,261.4","15,360.3","15,135.3","102.56K","-0.79%"
"08/01/2022","15,258.1","15,155.8","15,283.0","15,136.6","84.71K","0.69%"
"07/29/2022","15,153.3","15,228.2","15,238.6","15,048.3","81.99K","-0.44%"
"07/28/2022","15,219.6","15,309.2","15,335.5","15,102.0","106.82K","-0.61%"
"07/27/2022","15,313.2","15,171.7","15,344.5","15,121.2","76.31K","0.97%"
"07/26/2022","15,165.9","15,327.4","15,374.7","15,157.5","79.32K","-1.04%"
"07/25/2022","15,324.9","15,335.9","15,385.2","15,266.0","77.55K","-0.04%"
"07/22/2022","15,330.3","15,377.5","15,401.9","15,214.0","73.58K","-0.28%"
"07/21/2022","15,372.7","15,254.3","15,451.9","15,250.5","105.56K","0.80%"
"07/20/2022","15,250.2","15,316.0","15,398.2","15,219.8","92.96K","-0.39%"
"07/19/2022","15,310.4","15,196.3","15,381.1","15,162.6","80.35K","0.76%"
"07/18/2022","15,194.7","15,119.9","15,286.9","15,108.2","75.03K","0.49%"
"07/15/2022","15,120.4","15,019.5","15,140.2","14,993.7","77.81K","0.71%"
"07/14/2022","15,014.0","15,078.9","15,084.9","14,919.8","89.71K","-0.40%"
"07/13/2022","15,074.9","15,044.5","15,171.8","14,984.5","82.67K","0.23%"
"07/12/2022","15,040.4","15,032.4","15,099.2","14,978.5","87.90K","0.08%"
"07/11/2022","15,028.4","15,236.8","15,253.3","15,022.7","77.52K","-1.45%"
"07/08/2022","15,249.0","15,235.2","15,284.7","15,088.6","90.66K","0.10%"
"07/07/2022","15,233.4","15,269.2","15,323.7","15,211.2","87.03K","-0.20%"
"07/06/2022","15,263.4","15,389.2","15,433.9","15,239.2","96.08K","-0.78%"
"07/05/2022","15,383.6","15,594.6","15,661.2","15,339.0","85.30K","-1.36%"
"07/04/2022","15,595.0","15,570.8","15,661.2","15,561.1","68.94K","0.13%"
"07/01/2022","15,574.2","15,614.1","15,668.0","15,484.2","68.24K","-0.25%"
"06/30/2022","15,612.9","15,504.4","15,626.0","15,466.6","84.06K","0.72%"
"06/29/2022","15,500.9","15,605.6","15,647.9","15,494.7","90.64K","-0.66%"
"06/28/2022","15,603.5","15,668.4","15,726.2","15,583.3","93.15K","-0.38%"
"06/27/2022","15,662.8","15,671.5","15,713.6","15,613.1","87.00K","-0.03%"
"06/24/2022","15,667.4","15,619.4","15,696.8","15,596.4","88.67K","0.35%"
"06/23/2022","15,612.3","15,710.5","15,732.8","15,553.4","111.66K","-0.59%"
"06/22/2022","15,704.9","15,592.6","15,769.2","15,550.2","84.24K","0.75%"
"06/21/2022","15,587.5","15,589.7","15,676.3","15,548.8","83.68K","0.02%"
"06/20/2022","15,584.8","15,522.7","15,643.4","15,522.7","77.09K","0.17%"
"06/17/2022","15,559.1","15,577.7","15,635.8","15,481.9","85.77K","-0.10%"
"06/16/2022","15,574.1","15,397.8","15,656.0","15,326.3","139.13K","1.19%"
"06/15/2022","15,391.5","15,308.9","15,492.2","15,271.0","105.03K","0.57%"
"06/14/2022","15,304.8","15,282.4","15,411.6","15,262.6","87.07K","0.21%"
"06/13/2022","15,272.5","15,299.8","15,410.4","15,243.7","75.67K","-0.18%"
"06/10/2022","15,299.3","15,461.0","15,510.5","15,288.1","70.17K","-1.00%"
"06/09/2022","15,454.0","15,530.9","15,690.4","15,451.5","80.14K","-0.45%"
"06/08/2022","15,524.6","15,468.5","15,578.0","15,443.9","57.57K","0.39%"
"06/07/2022","15,464.3","15,455.9","15,490.1","15,398.3","62.35K","0.07%"
"06/06/2022","15,452.8","15,479.9","15,539.0","15,439.3","61.34K","-0.13%"
"06/03/2022","15,472.9","15,562.9","15,588.2","15,453.9","37.08K","-0.56%"
"06/02/2022","15,560.2","15,525.8","15,570.1","15,436.7","53.01K","0.23%"
"06/01/2022","15,524.8","15,651.3","15,658.5","15,494.5","57.34K","-0.79%"
"05/31/2022","15,648.7","15,691.9","15,700.3","15,570.3","72.40K","-0.25%"
"05/30/2022","15,688.1","15,650.6","15,705.0","15,603.6","54.90K","0.34%"
"05/27/2022","15,634.6","15,694.8","15,752.6","15,592.3","64.76K","-0.35%"
"05/26/2022","15,689.2","15,633.4","15,704.3","15,601.2","64.32K","0.41%"
"05/25/2022","15,624.8","15,737.8","15,741.4","15,571.9","73.65K","-0.67%"
"05/24/2022","15,730.7","15,687.4","15,756.1","15,615.2","68.81K","0.32%"
"05/23/2022","15,680.8","15,490.1","15,698.4","15,469.6","72.36K","1.36%"
"05/20/2022","15,470.4","15,598.8","15,599.5","15,432.2","79.47K","-0.80%"
"05/19/2022","15,594.7","15,377.8","15,628.2","15,363.9","79.13K","1.47%"
"05/18/2022","15,369.3","15,451.7","15,484.3","15,362.4","79.68K","-0.50%"
"05/17/2022","15,446.1","15,246.7","15,461.9","15,238.7","77.15K","1.35%"
"05/16/2022","15,239.7","15,204.3","15,260.6","15,180.2","63.92K","0.19%"
"05/13/2022","15,210.5","15,150.2","15,232.3","15,123.2","75.78K","0.41%"
"05/12/2022","15,148.2","15,302.8","15,351.7","15,113.0","103.73K","-0.98%"
"05/11/2022","15,298.8","15,327.1","15,398.2","15,287.6","108.00K","-0.15%"
"05/10/2022","15,322.0","15,368.4","15,403.4","15,321.2","71.71K","-0.27%"
"05/09/2022","15,362.8","15,296.5","15,421.5","15,241.4","67.07K","0.45%"
"05/06/2022","15,293.7","15,285.6","15,367.5","15,195.8","84.53K","0.10%"
"05/05/2022","15,277.7","15,399.4","15,428.4","15,211.0","85.99K","-0.76%"
"05/04/2022","15,395.1","15,245.0","15,412.5","15,229.8","64.71K","0.96%"
"05/03/2022","15,248.7","15,229.1","15,335.7","15,209.5","68.53K","0.17%"
"05/02/2022","15,222.7","15,294.3","15,321.9","15,207.4","49.74K","-0.37%"
"04/29/2022","15,279.2","15,216.0","15,356.7","15,208.8","87.17K","0.41%"
"04/28/2022","15,216.8","15,225.3","15,320.0","15,179.8","89.23K","-0.02%"
"04/27/2022","15,220.3","15,329.7","15,375.7","15,162.6","89.67K","-0.68%"
"04/26/2022","15,325.0","15,488.3","15,519.4","15,326.8","91.60K","-1.02%"
"04/25/2022","15,482.8","15,565.1","15,609.7","15,464.5","98.91K","-0.08%"
"04/22/2022","15,495.9","15,546.0","15,584.7","15,462.5","74.62K","-0.30%"
"04/21/2022","15,542.1","15,577.7","15,686.4","15,529.3","85.84K","-0.22%"
"04/20/2022","15,576.6","15,470.0","15,601.4","15,463.5","83.91K","0.74%"
"04/19/2022","15,461.7","15,477.4","15,508.7","15,445.1","77.70K","-0.07%"
"04/18/2022","15,472.5","15,498.7","15,530.9","15,458.0","34.78K","-0.17%"
"04/15/2022","15,499.0","15,531.7","15,536.7","15,485.8","39.97K","-0.20%"
"04/14/2022","15,530.6","15,637.0","15,671.7","15,429.8","86.81K","-0.66%"
"04/13/2022","15,633.0","15,550.3","15,649.2","15,523.5","74.91K","0.56%"
"04/12/2022","15,546.1","15,633.1","15,661.6","15,541.7","55.23K","-0.56%"
"04/11/2022","15,633.4","15,704.3","15,728.0","15,618.9","61.16K","0.10%"
"04/08/2022","15,617.9","15,620.6","15,643.3","15,562.1","56.49K","0.00%"
"04/07/2022","15,618.6","15,642.0","15,706.8","15,599.8","63.27K","-0.13%"
"04/06/2022","15,638.3","15,646.3","15,704.4","15,618.3","57.79K","-0.01%"
"04/05/2022","15,640.3","15,751.2","15,765.8","15,637.0","50.53K","-0.67%"
"04/04/2022","15,745.2","15,860.3","15,884.5","15,732.5","70.57K","-0.83%"
"04/01/2022","15,877.6","15,899.3","15,916.5","15,843.8","96.93K","-0.13%"
"03/31/2022","15,898.2","16,003.9","16,054.3","15,892.8","77.34K","-0.63%"
"03/30/2022","15,999.1","15,925.4","16,023.3","15,912.9","82.42K","0.49%"
"03/29/2022","15,921.4","15,770.0","15,997.9","15,754.9","84.97K","0.98%"
"03/28/2022","15,766.6","15,759.3","15,799.5","15,703.7","58.71K","0.13%"
"03/25/2022","15,746.8","15,779.6","15,836.3","15,745.0","55.30K","-0.16%"
"03/24/2022","15,771.2","15,786.9","15,805.3","15,733.7","54.17K","-0.09%"
"03/23/2022","15,785.2","15,833.8","15,856.0","15,728.8","62.69K","-0.29%"
"03/22/2022","15,831.8","15,799.8","15,858.9","15,737.6","67.35K","0.25%"
"03/21/2022","15,791.9","15,861.7","15,875.1","15,787.6","64.58K","-0.33%"
"03/18/2022","15,844.3","15,862.9","15,906.6","15,779.2","58.96K","-0.08%"
"03/17/2022","15,857.3","15,794.7","15,930.8","15,735.2","76.80K","0.45%"
"03/16/2022","15,786.8","15,700.0","15,811.2","15,668.7","83.33K","0.63%"
"03/15/2022","15,687.3","15,679.8","15,795.1","15,656.2","80.97K","0.07%"
"03/14/2022","15,675.6","15,651.2","15,757.9","15,606.9","69.16K","0.49%"
"03/11/2022","15,599.9","15,685.2","15,795.7","15,591.9","87.21K","-0.50%"
"03/10/2022","15,678.2","15,889.9","15,896.3","15,673.7","88.43K","-1.31%"
"03/09/2022","15,887.1","15,697.6","15,920.0","15,651.8","100.21K","1.26%"
"03/08/2022","15,689.1","15,637.9","15,778.9","15,617.1","99.79K","0.36%"
"03/07/2022","15,632.3","15,758.6","15,758.6","15,568.0","100.11K","-0.54%"
"03/04/2022","15,717.0","15,922.3","15,923.7","15,662.2","83.05K","-1.25%"
"03/03/2022","15,915.6","15,994.9","16,004.3","15,872.6","78.70K","-0.51%"
"03/02/2022","15,997.6","15,952.8","16,036.6","15,907.2","79.41K","0.31%"
"03/01/2022","15,947.7","16,116.9","16,121.9","15,899.0","89.22K","-1.04%"
"02/28/2022","16,116.1","16,060.9","16,158.6","15,979.0","86.09K","-0.43%"
"02/25/2022","16,185.0","16,096.9","16,198.8","16,041.5","79.44K","0.57%"
"02/24/2022","16,092.7","16,220.0","16,224.0","15,973.2","103.55K","-0.73%"
"02/23/2022","16,211.5","16,268.8","16,286.7","16,202.1","64.52K","-0.32%"
"02/22/2022","16,263.8","16,207.3","16,327.7","16,183.0","85.86K","0.38%"
"02/21/2022","16,201.6","16,212.1","16,323.8","16,198.7","51.20K","-0.10%"
"02/18/2022","16,217.3","16,267.5","16,318.0","16,210.7","64.37K","-0.27%"
"02/17/2022","16,261.8","16,217.2","16,302.6","16,171.4","80.39K","0.31%"
"02/16/2022","16,212.2","16,247.6","16,250.5","16,185.8","70.92K","-0.17%"
"02/15/2022","16,239.1","16,200.1","16,260.5","16,146.5","74.55K","0.28%"
"02/14/2022","16,194.4","16,280.3","16,316.9","16,160.7","81.33K","-0.56%"
"02/11/2022","16,285.8","16,390.6","16,395.6","16,259.5","82.55K","-0.61%"
"02/10/2022","16,386.3","16,409.2","16,488.1","16,313.9","84.71K","-0.06%"
"02/09/2022","16,396.3","16,431.2","16,442.7","16,370.4","67.58K","-0.17%"
"02/08/2022","16,424.8","16,473.9","16,483.3","16,397.5","100.16K","-0.28%"
"02/07/2022","16,470.8","16,491.7","16,497.7","16,430.1","75.99K","0.08%"
"02/04/2022","16,457.1","16,446.4","16,514.7","16,409.0","85.92K","0.09%"
"02/03/2022","16,442.1","16,231.2","16,465.1","16,199.1","68.13K","1.34%"
"02/02/2022","16,224.0","16,208.5","16,268.5","16,141.6","48.24K","0.12%"
"02/01/2022","16,204.8","16,156.7","16,222.2","16,137.3","53.47K","0.32%"
"01/31/2022","16,153.0","16,037.0","16,177.6","15,955.8","56.09K","0.77%"
"01/28/2022","16,029.2","16,034.6","16,077.3","15,999.6","62.19K","0.00%"
"01/27/2022","16,029.2","16,132.2","16,167.1","16,013.8","68.44K","-0.59%"
"01/26/2022","16,125.1","16,217.5","16,227.7","16,125.0","62.82K","-0.55%"
"01/25/2022","16,214.1","16,242.2","16,251.4","16,162.3","72.88K","-0.14%"
"01/24/2022","16,237.2","16,263.0","16,267.3","16,192.7","93.77K","-0.12%"
"01/21/2022","16,255.9","16,218.6","16,288.1","16,202.1","70.25K","0.27%"
"01/20/2022","16,212.9","16,290.0","16,324.4","16,205.0","74.27K","-0.45%"
"01/19/2022","16,285.7","16,231.5","16,312.2","16,215.2","88.09K","0.32%"
"01/18/2022","16,234.4","16,334.1","16,360.5","16,221.5","102.35K","-0.58%"
"01/17/2022","16,329.1","16,318.6","16,372.8","16,290.0","60.77K","0.08%"
"01/14/2022","16,316.3","16,374.9","16,440.3","16,295.7","63.92K","-0.31%"
"01/13/2022","16,366.3","16,383.5","16,411.4","16,359.2","59.64K","-0.08%"
"01/12/2022","16,379.2","16,256.2","16,398.6","16,240.6","60.76K","0.78%"
"01/11/2022","16,252.0","16,203.2","16,269.8","16,172.8","58.69K","0.33%"
"01/10/2022","16,199.0","16,300.1","16,312.3","16,145.3","55.50K","-0.66%"
"01/07/2022","16,305.8","16,253.5","16,318.0","16,211.8","44.21K","0.36%"
"01/06/2022","16,247.8","16,244.1","16,310.3","16,230.4","66.67K","0.05%"
"01/05/2022","16,239.8","16,143.2","16,291.5","16,128.2","45.23K","0.63%"
"01/04/2022","16,137.5","16,117.7","16,195.4","16,111.3","47.72K","0.17%"
"01/03/2022","16,109.8","16,198.7","16,220.8","16,091.3","33.97K","-0.55%"
"12/31/2021","16,199.4","16,153.7","16,229.3","16,107.6","25.82K","0.30%"
"12/30/2021","16,150.8","16,176.6","16,191.6","16,119.4","37.98K","-0.12%"
"12/29/2021","16,170.9","16,092.0","16,204.4","16,066.8","42.63K","0.52%"
"12/28/2021","16,087.0","16,114.4","16,133.5","16,061.4","43.51K","-0.15%"
"12/27/2021","16,111.2","16,095.3","16,127.5","16,075.3","38.25K","0.11%"
"12/24/2021","16,092.8","16,143.5","16,147.1","16,058.1","47.19K","-0.29%"
"12/23/2021","16,139.0","16,181.3","16,205.6","16,085.8","58.21K","-0.23%"
"12/22/2021","16,176.3","16,144.8","16,206.3","16,057.8","62.87K","0.17%"
"12/21/2021","16,149.4","16,213.5","16,242.7","16,118.3","74.64K","-0.36%"
"12/20/2021","16,207.8","16,151.9","16,253.0","16,140.5","80.21K","0.40%"
"12/17/2021","16,143.4","16,250.8","16,330.8","16,141.2","64.62K","-0.62%"
"12/16/2021","16,244.3","16,175.7","16,294.5","16,154.5","67.74K","0.45%"
"12/15/2021","16,171.4","16,137.0","16,195.0","16,083.2","101.51K","0.25%"
"12/14/2021","16,131.3","16,184.8","16,233.7","16,128.4","153.78K","-0.30%"
"12/13/2021","16,179.8","16,264.6","16,270.4","16,148.9","75.60K","-0.46%"
"12/10/2021","16,253.9","16,208.3","16,276.9","16,189.9","89.13K","0.31%"
"12/09/2021","16,204.0","16,284.3","16,292.2","16,186.8","81.55K","-0.48%"
"12/08/2021","16,281.4","16,199.1","16,303.7","16,171.1","142.10K","0.53%"
"12/07/2021","16,194.9","16,295.6","16,297.1","16,142.3","156.12K","-0.58%"
"12/06/2021","16,289.9","16,299.4","16,330.3","16,251.9","93.59K","0.03%"
"12/03/2021","16,285.1","16,248.0","16,318.1","16,180.4","79.10K","0.26%"
"12/02/2021","16,242.3","16,235.7","16,316.3","16,227.8","85.62K","0.07%"
"12/01/2021","16,231.5","16,240.3","16,293.8","16,209.9","117.62K","-0.01%"
"11/30/2021","16,233.2","16,173.7","16,304.0","16,092.0","128.54K","0.42%"
"11/29/2021","16,165.8","16,165.4","16,221.5","16,124.3","85.31K","-0.11%"
"11/26/2021","16,183.3","15,991.7","16,206.9","15,986.7","118.46K","1.24%"
"11/25/2021","15,985.4","15,968.4","16,032.0","15,967.7","77.56K","0.16%"
"11/24/2021","15,959.9","16,036.8","16,053.5","15,947.7","82.05K","-0.44%"
"11/23/2021","16,031.2","16,009.9","16,077.4","15,993.7","94.57K","0.18%"
"11/22/2021","16,002.8","16,077.0","16,088.9","15,999.9","130.47K","-0.41%"
"11/19/2021","16,068.5","16,177.5","16,182.3","16,016.5","65.03K","-0.64%"
"11/18/2021","16,172.4","16,121.1","16,183.2","16,099.7","102.51K","0.34%"
"11/17/2021","16,118.3","16,100.2","16,145.9","16,067.4","84.94K","0.14%"
"11/16/2021","16,095.6","16,156.8","16,189.5","16,083.1","76.09K","-0.35%"
"11/15/2021","16,152.5","16,302.5","16,318.2","16,139.0","68.35K","-0.89%"
"11/12/2021","16,296.8","16,336.3","16,337.7","16,274.7","67.78K","-0.19%"
"11/11/2021","16,327.7","16,364.7","16,423.6","16,319.9","52.84K","-0.17%"
"11/10/2021","16,356.2","16,510.6","16,535.3","16,355.5","77.85K","-0.91%"
"11/09/2021","16,505.6","16,523.0","16,534.8","16,469.6","59.16K","-0.07%"
"11/08/2021","16,517.3","16,555.4","16,579.2","16,466.7","68.55K","-0.31%"
"11/05/2021","16,568.3","16,565.5","16,621.2","16,494.5","73.78K","0.04%"
"11/04/2021","16,561.2","16,601.5","16,627.7","16,512.4","82.08K","-0.21%"
"11/03/2021","16,596.5","16,503.0","16,609.4","16,496.6","85.10K","0.60%"
"11/02/2021","16,497.2","16,538.5","16,564.6","16,496.6","76.35K","-0.20%"
"11/01/2021","16,529.9","16,376.2","16,541.3","16,364.9","88.80K","0.94%"
"10/29/2021","16,376.2","16,552.8","16,568.4","16,341.5","66.88K","-1.05%"
"10/28/2021","16,549.1","16,447.9","16,571.9","16,413.9","76.86K","0.65%"
"10/27/2021","16,442.9","16,411.9","16,477.7","16,402.0","58.90K","0.24%"
"10/26/2021","16,404.1","16,432.6","16,454.4","16,395.0","52.53K","-0.15%"
"10/25/2021","16,428.3","16,443.5","16,550.4","16,408.5","64.22K","-0.11%"
"10/22/2021","16,445.6","16,414.6","16,494.4","16,411.1","59.64K","0.22%"
"10/21/2021","16,408.8","16,398.0","16,484.2","16,394.4","62.73K","0.09%"
"10/20/2021","16,393.6","16,374.7","16,411.3","16,350.8","58.84K","0.15%"
"10/19/2021","16,369.7","16,383.1","16,426.1","16,356.4","54.78K","-0.03%"
"10/18/2021","16,374.5","16,321.6","16,400.8","16,272.4","80.45K","0.34%"
"10/15/2021","16,318.4","16,374.9","16,379.8","16,304.4","77.83K","-0.28%"
"10/14/2021","16,364.9","16,482.3","16,494.4","16,353.0","47.68K","-0.69%"
"10/13/2021","16,478.0","16,389.9","16,489.5","16,388.5","82.05K","0.56%"
"10/12/2021","16,385.6","16,416.8","16,453.4","16,384.2","49.43K","-0.14%"
"10/11/2021","16,408.2","16,466.8","16,473.9","16,407.5","61.92K","-0.24%"
"10/08/2021","16,448.3","16,421.5","16,477.5","16,402.4","55.91K","0.18%"
"10/07/2021","16,418.3","16,470.2","16,481.0","16,416.5","59.01K","-0.30%"
"10/06/2021","16,467.3","16,537.8","16,540.6","16,431.0","68.71K","-0.33%"
"10/05/2021","16,522.0","16,582.0","16,582.7","16,505.0","68.13K","-0.33%"
"10/04/2021","16,575.9","16,586.0","16,646.1","16,538.8","52.51K","-0.06%"
"10/01/2021","16,585.2","16,576.7","16,608.1","16,548.8","51.67K","0.08%"
"09/30/2021","16,572.4","16,573.6","16,635.7","16,548.1","73.53K","0.02%"
"09/29/2021","16,569.3","16,674.6","16,746.0","16,563.6","66.72K","-0.60%"
"09/28/2021","16,668.8","16,669.7","16,703.8","16,652.4","74.47K","0.04%"
"09/27/2021","16,662.5","16,715.5","16,731.6","16,653.3","60.31K","-0.21%"
"09/24/2021","16,698.3","16,717.8","16,751.7","16,681.3","75.34K","-0.08%"
"09/23/2021","16,712.1","16,643.8","16,735.7","16,638.7","71.07K","0.43%"
"09/22/2021","16,640.9","16,694.9","16,744.2","16,640.2","74.19K","-0.28%"
"09/21/2021","16,687.7","16,700.8","16,739.8","16,678.5","67.96K","-0.05%"
"09/20/2021","16,696.4","16,691.7","16,741.4","16,663.0","69.09K","0.11%"
"09/17/2021","16,678.8","16,763.8","16,801.2","16,679.6","66.38K","-0.51%"
"09/16/2021","16,763.7","16,828.9","16,836.8","16,747.4","91.50K","-0.36%"
"09/15/2021","16,824.6","16,820.6","16,853.9","16,805.6","67.13K","0.08%"
"09/14/2021","16,811.9","16,835.1","16,878.3","16,811.3","69.29K","-0.09%"
"09/13/2021","16,826.4","16,778.1","16,843.6","16,761.1","52.01K","0.30%"
"09/10/2021","16,775.9","16,855.0","16,881.6","16,771.0","66.86K","-0.44%"
"09/09/2021","16,850.6","16,842.2","16,886.9","16,824.4","60.92K","0.10%"
"09/08/2021","16,833.5","16,829.0","16,905.8","16,820.1","79.62K","0.07%"
"09/07/2021","16,821.8","16,882.1","16,904.2","16,823.3","72.75K","-0.32%"
"09/06/2021","16,876.3","16,942.4","16,954.6","16,852.5","49.98K","-0.40%"
"09/03/2021","16,943.7","16,947.9","16,985.9","16,923.2","84.94K","0.01%"
"09/02/2021","16,942.8","16,911.9","16,951.4","16,880.3","62.74K","0.23%"
"09/01/2021","16,904.7","16,849.9","16,935.5","16,822.3","76.15K","0.37%"
"08/31/2021","16,842.7","16,952.3","16,966.7","16,829.9","73.14K","-0.62%"
"08/30/2021","16,947.1","17,002.6","17,030.1","16,931.4","53.03K","-0.31%"
"08/27/2021","16,999.6","16,943.4","17,017.0","16,918.2","96.47K","0.37%"
"08/26/2021","16,937.6","16,948.0","16,989.1","16,933.6","76.45K","-0.03%"
"08/25/2021","16,942.9","16,916.9","16,953.8","16,879.5","77.25K","0.18%"
"08/24/2021","16,912.6","16,928.9","16,933.7","16,871.4","48.08K","-0.05%"
"08/23/2021","16,921.7","16,900.8","16,936.5","16,873.9","56.04K","0.12%"
"08/20/2021","16,900.7","16,814.9","16,924.9","16,814.2","60.46K","0.54%"
"08/19/2021","16,810.6","16,831.6","16,859.8","16,792.1","77.42K","-0.10%"
"08/18/2021","16,827.3","16,829.6","16,877.6","16,806.5","71.19K","0.01%"
"08/17/2021","16,825.8","16,924.5","16,938.1","16,826.0","66.42K","-0.58%"
"08/16/2021","16,923.6","16,968.6","16,986.1","16,911.5","68.02K","-0.22%"
"08/13/2021","16,961.3","16,867.8","16,985.2","16,862.2","61.43K","0.56%"
"08/12/2021","16,866.3","16,882.2","16,916.6","16,858.9","71.97K","-0.07%"
"08/11/2021","16,877.8","16,856.3","16,904.5","16,835.4","64.43K","0.16%"
"08/10/2021","16,850.5","16,858.7","16,909.9","16,841.2","110.20K","-0.02%"
"08/09/2021","16,854.3","16,881.4","16,919.9","16,852.0","75.88K","-0.13%"
"08/06/2021","16,875.6","16,972.9","17,003.5","16,869.2","64.27K","-0.54%"
"08/05/2021","16,967.1","16,941.7","17,009.8","16,933.1","77.76K","0.18%"
"08/04/2021","16,935.9","17,015.3","17,032.6","16,935.3","71.54K","-0.42%"
"08/03/2021","17,007.2","17,116.6","17,133.2","16,999.6","57.37K","-0.61%"
"08/02/2021","17,112.2","17,158.3","17,181.8","17,111.6","46.31K","-0.30%"
"07/30/2021","17,164.0","17,216.8","17,227.7","17,136.0","60.87K","-0.27%"
"07/29/2021","17,210.9","17,160.4","17,224.8","17,153.9","80.75K","0.34%"
"07/28/2021","17,153.1","17,125.8","17,168.4","17,056.1","93.83K","0.20%"
"07/27/2021","17,118.5","17,095.1","17,161.3","17,056.9","64.80K","0.20%"
"07/26/2021","17,084.9","17,069.3","17,116.7","17,034.9","49.78K","0.18%"
"07/23/2021","17,054.7","17,044.5","17,091.4","17,033.8","73.05K","0.07%"
"07/22/2021","17,043.0","17,150.0","17,159.4","17,027.1","61.60K","-0.60%"
"07/21/2021","17,145.6","17,104.5","17,168.2","17,081.3","63.99K","0.28%"
"07/20/2021","17,097.2","17,132.1","17,137.9","17,066.0","97.72K","-0.16%"
"07/19/2021","17,124.8","17,118.7","17,167.2","17,077.7","77.21K","0.08%"
"07/16/2021","17,111.3","17,109.6","17,171.8","17,091.5","71.31K","0.04%"
"07/15/2021","17,103.8","17,140.0","17,177.0","17,082.8","76.10K","-0.16%"
"07/14/2021","17,131.2","17,032.2","17,143.6","17,025.7","53.65K","0.61%"
"07/13/2021","17,027.6","17,191.0","17,231.5","17,025.7","58.09K","-0.91%"
"07/12/2021","17,183.7","17,247.1","17,259.4","17,152.6","73.95K","-0.36%"
"07/09/2021","17,245.5","17,203.4","17,261.6","17,183.9","51.18K","0.30%"
"07/08/2021","17,194.6","17,077.8","17,239.0","17,020.4","59.12K","0.73%"
"07/07/2021","17,070.5","17,109.3","17,168.9","17,062.6","58.01K","-0.18%"
"07/06/2021","17,100.5","17,173.5","17,207.3","17,084.0","90.49K","-0.40%"
"07/05/2021","17,170.0","17,238.4","17,251.5","17,152.7","51.54K","-0.40%"
"07/02/2021","17,238.4","17,185.5","17,262.9","17,157.8","62.47K","0.34%"
"07/01/2021","17,179.6","17,195.6","17,249.9","17,168.8","53.15K","-0.02%"
"06/30/2021","17,183.8","17,232.8","17,328.5","17,174.5","60.83K","-0.23%"
"06/29/2021","17,224.0","17,227.1","17,276.9","17,204.6","57.57K","0.03%"
"06/28/2021","17,218.3","17,216.2","17,284.4","17,183.0","51.27K","0.06%"
"06/25/2021","17,207.4","17,229.1","17,275.4","17,202.1","61.93K","-0.08%"
"06/24/2021","17,221.0","17,213.6","17,273.3","17,196.9","77.44K","0.08%"
"06/23/2021","17,207.8","17,195.1","17,276.4","17,170.7","64.14K","0.10%"
"06/22/2021","17,190.7","17,193.3","17,216.0","17,110.9","77.08K","0.03%"
"06/21/2021","17,185.9","17,060.3","17,200.5","17,038.7","107.21K","0.84%"
"06/18/2021","17,042.8","17,093.9","17,170.7","17,029.3","101.90K","-0.25%"
"06/17/2021","17,085.1","17,079.3","17,263.2","17,061.5","88.48K","0.07%"
"06/16/2021","17,073.5","17,250.7","17,296.1","17,075.7","80.02K","-0.97%"
"06/15/2021","17,240.3","17,212.0","17,303.8","17,204.2","61.91K","0.20%"
"06/14/2021","17,206.1","17,182.9","17,236.8","17,161.6","49.73K","0.18%"
"06/11/2021","17,176.0","17,339.2","17,367.0","17,158.1","79.86K","-0.92%"
"06/10/2021","17,334.7","17,363.3","17,375.3","17,298.9","77.94K","-0.11%"
"06/09/2021","17,353.7","17,349.6","17,418.2","17,346.0","58.21K","0.06%"
"06/08/2021","17,343.7","17,387.1","17,397.3","17,339.6","58.92K","-0.22%"
"06/07/2021","17,381.5","17,394.2","17,405.7","17,319.7","47.80K","-0.01%"
"06/04/2021","17,383.8","17,326.3","17,420.6","17,302.0","63.25K","0.41%"
"06/03/2021","17,313.1","17,435.9","17,458.5","17,309.8","59.82K","-0.66%"
"06/02/2021","17,428.3","17,441.6","17,465.8","17,369.5","67.21K","-0.02%"
"06/01/2021","17,431.2","17,460.2","17,500.1","17,437.3","73.68K","-0.11%"
"05/31/2021","17,451.2","17,416.3","17,468.0","17,399.5","75.38K","0.24%"
"05/28/2021","17,408.8","17,422.2","17,453.6","17,330.6","67.09K","-0.05%"
"05/27/2021","17,417.7","17,468.1","17,481.7","17,400.7","88.22K","-0.25%"
"05/26/2021","17,462.2","17,553.3","17,570.5","17,453.0","81.36K","-0.49%"
"05/25/2021","17,548.1","17,533.2","17,578.3","17,461.7","94.68K","0.12%"
"05/24/2021","17,527.1","17,481.5","17,556.9","17,464.9","89.95K","0.29%"
"05/21/2021","17,476.9","17,578.5","17,604.2","17,456.4","98.80K","-0.52%"
"05/20/2021","17,568.8","17,383.2","17,580.6","17,379.7","101.57K","1.11%"
"05/19/2021","17,375.5","17,443.8","17,527.5","17,366.8","97.81K","-0.36%"
"05/18/2021","17,437.9","17,357.5","17,461.7","17,354.7","90.51K","0.50%"
"05/17/2021","17,351.6","17,235.8","17,381.1","17,222.3","84.85K","0.69%"
"05/14/2021","17,232.7","17,150.6","17,250.7","17,137.1","76.08K","0.51%"
"05/13/2021","17,144.7","17,137.8","17,190.3","17,108.7","98.85K","0.06%"
"05/12/2021","17,134.8","17,247.1","17,253.5","17,129.3","102.13K","-0.62%"
"05/11/2021","17,241.3","17,220.2","17,294.7","17,213.2","118.20K","0.14%"
"05/10/2021","17,217.1","17,372.0","17,395.6","17,190.7","110.55K","-0.87%"
"05/07/2021","17,368.8","17,277.3","17,388.4","17,188.2","89.35K","0.57%"
"05/06/2021","17,269.6","17,329.2","17,338.6","17,193.0","108.56K","-0.31%"
"05/05/2021","17,323.2","17,334.8","17,373.2","17,302.5","122.08K","-0.03%"
"05/04/2021","17,328.8","17,432.5","17,440.4","17,313.8","116.34K","-0.54%"
"05/03/2021","17,422.1","17,378.8","17,450.5","17,362.9","68.59K","0.39%"
"04/30/2021","17,354.0","17,507.6","17,580.4","17,357.1","94.29K","-0.86%"
"04/29/2021","17,504.4","17,582.7","17,618.2","17,487.4","104.26K","-0.39%"
"04/28/2021","17,572.3","17,515.3","17,596.5","17,481.9","87.15K","0.39%"
"04/27/2021","17,504.9","17,497.9","17,517.4","17,463.1","117.54K","0.08%"
"04/26/2021","17,490.4","17,565.8","17,593.4","17,469.6","94.29K","-0.44%"
"04/23/2021","17,567.8","17,445.8","17,576.0","17,441.4","94.80K","0.73%"
"04/22/2021","17,439.8","17,486.9","17,526.4","17,413.8","114.16K","-0.23%"
"04/21/2021","17,479.4","17,450.6","17,512.9","17,433.1","116.40K","0.22%"
"04/20/2021","17,441.8","17,509.4","17,527.6","17,428.9","109.31K","-0.34%"
"04/19/2021","17,502.0","17,454.7","17,528.3","17,353.2","82.36K","0.31%"
"04/16/2021","17,447.3","17,483.8","17,496.5","17,407.7","107.41K","-0.12%"
"04/15/2021","17,468.9","17,493.8","17,533.5","17,467.0","127.80K","-0.11%"
"04/14/2021","17,487.9","17,450.1","17,511.0","17,444.6","108.63K","0.26%"
"04/13/2021","17,442.6","17,384.1","17,462.5","17,344.7","104.31K","0.39%"
"04/12/2021","17,375.2","17,319.2","17,401.3","17,310.5","97.94K","0.27%"
"04/09/2021","17,327.9","17,315.5","17,354.0","17,281.7","83.49K","0.11%"
"04/08/2021","17,308.1","17,201.2","17,337.3","17,191.8","87.16K","0.63%"
"04/07/2021","17,199.6","17,224.7","17,271.5","17,176.8","105.57K","-0.11%"
"04/06/2021","17,218.8","17,148.0","17,229.8","17,103.4","81.94K","0.47%"
"04/05/2021","17,137.8","17,082.9","17,157.5","17,037.0","39.47K","0.35%"
"04/02/2021","17,078.4","17,106.1","17,121.3","17,064.7","46.83K","-0.11%"
"04/01/2021","17,097.3","17,038.6","17,112.3","17,024.0","114.13K","0.40%"
"03/31/2021","17,029.1","16,964.8","17,098.5","16,956.1","109.28K","0.47%"
"03/30/2021","16,950.2","16,993.1","17,057.0","16,958.3","73.60K","-0.20%"
"03/29/2021","16,984.3","17,005.4","17,045.3","16,975.9","84.26K","-0.05%"
"03/26/2021","16,992.3","16,968.8","17,036.1","16,968.0","102.00K","0.17%"
"03/25/2021","16,963.7","17,040.3","17,105.2","16,966.0","109.94K","-0.41%"
"03/24/2021","17,032.9","17,059.5","17,132.9","17,034.5","124.67K","-0.10%"
"03/23/2021","17,049.3","17,186.5","17,208.9","17,045.8","94.63K","-0.78%"
"03/22/2021","17,183.5","17,140.5","17,207.4","17,097.8","99.85K","0.25%"
"03/19/2021","17,140.3","17,169.5","17,247.4","17,103.8","108.56K","-0.03%"
"03/18/2021","17,145.7","17,282.7","17,296.4","17,156.6","98.84K","-0.77%"
"03/17/2021","17,278.3","17,156.6","17,292.8","17,136.4","101.68K","0.83%"
"03/16/2021","17,136.0","17,183.7","17,223.6","17,122.0","96.96K","-0.20%"
"03/15/2021","17,170.4","17,193.0","17,236.0","17,157.1","96.87K","-0.10%"
"03/12/2021","17,187.0","17,261.5","17,270.9","17,131.8","107.62K","-0.37%"
"03/11/2021","17,251.0","17,180.8","17,272.3","17,164.3","104.72K","0.49%"
"03/10/2021","17,166.0","17,136.0","17,185.9","17,086.7","111.90K","0.26%"
"03/09/2021","17,121.2","17,012.3","17,159.8","16,995.1","127.85K","0.74%"
"03/08/2021","16,994.7","17,048.5","17,125.7","17,007.3","119.46K","-0.20%"
"03/05/2021","17,029.4","17,072.4","17,174.6","17,007.7","121.67K","-0.20%"
"03/04/2021","17,063.5","17,184.5","17,246.1","17,062.4","130.18K","-0.66%"
"03/03/2021","17,176.3","17,321.1","17,325.6","17,154.5","125.34K","-0.64%"
"03/02/2021","17,287.3","17,175.9","17,326.1","17,139.5","117.24K","0.70%"
"03/01/2021","17,167.0","17,224.7","17,292.8","17,144.5","138.99K","-0.15%"
"02/26/2021","17,193.4","17,146.1","17,353.0","17,093.3","158.52K","0.29%"
"02/25/2021","17,143.8","17,134.4","17,241.9","17,120.8","179.41K","0.12%"
"02/24/2021","17,122.7","17,122.4","17,149.9","17,054.8","130.81K","0.03%"
"02/23/2021","17,117.9","17,158.2","17,204.0","17,101.3","149.93K","-0.18%"
"02/22/2021","17,149.3","17,042.6","17,178.7","17,032.7","111.66K","0.66%"
"02/19/2021","17,036.5","16,957.6","17,081.9","16,949.9","128.57K","0.60%"
"02/18/2021","16,935.3","16,877.3","16,963.9","16,875.2","126.89K","0.42%"
"02/17/2021","16,863.8","16,857.6","16,982.5","16,825.6","134.32K","0.08%"
"02/16/2021","16,850.2","16,875.6","16,947.4","16,836.8","124.09K","-0.12%"
"02/15/2021","16,870.1","16,938.9","16,959.4","16,860.0","86.19K","-0.35%"
"02/12/2021","16,928.8","16,948.6","16,956.3","16,880.2","96.59K","-0.08%"
"02/11/2021","16,942.8","16,944.0","16,981.0","16,928.4","103.56K","0.03%"
"02/10/2021","16,938.2","16,960.5","16,981.0","16,932.3","125.27K","-0.08%"
"02/09/2021","16,951.7","16,867.9","16,965.4","16,862.3","134.19K","0.54%"
"02/08/2021","16,861.2","16,894.9","16,914.6","16,825.9","150.96K","-0.13%"
"02/05/2021","16,882.9","16,773.5","16,906.9","16,765.8","106.08K","0.74%"
"02/04/2021","16,758.8","16,854.3","16,884.8","16,763.7","116.58K","-0.52%"
"02/03/2021","16,846.2","16,891.0","16,900.8","16,809.5","140.74K","-0.21%"
"02/02/2021","16,881.5","16,906.0","16,972.3","16,844.7","165.41K","-0.08%"
"02/01/2021","16,894.7","17,032.4","17,047.1","16,899.0","150.33K","-0.71%"
"01/29/2021","17,014.7","17,055.0","17,070.4","16,970.7","181.18K","-0.09%"
"01/28/2021","17,030.0","17,014.6","17,098.0","16,974.5","194.52K","0.20%"
"01/27/2021","16,996.4","17,103.7","17,126.4","16,940.1","149.68K","-0.43%"
"01/26/2021","17,069.8","17,017.5","17,126.3","17,009.8","110.14K","0.39%"
"01/25/2021","17,003.9","17,077.8","17,137.0","16,985.9","109.63K","-0.32%"
"01/22/2021","17,058.1","17,029.6","17,114.8","17,024.0","108.33K","0.33%"
"01/21/2021","17,002.5","16,984.7","17,044.3","16,960.5","118.98K","0.19%"
"01/20/2021","16,969.8","17,058.7","17,089.5","16,943.3","111.53K","-0.39%"
"01/19/2021","17,037.0","16,993.8","17,082.7","16,984.0","98.78K","0.34%"
"01/18/2021","16,978.9","16,943.2","17,035.6","16,914.4","91.61K","0.34%"
"01/15/2021","16,921.3","17,083.2","17,095.8","16,927.8","105.05K","-0.92%"
"01/14/2021","17,079.2","17,093.4","17,158.0","17,021.3","100.52K","-0.04%"
"01/13/2021","17,086.7","17,251.3","17,272.5","17,068.1","103.20K","-0.85%"
"01/12/2021","17,233.5","17,164.7","17,267.9","17,127.4","117.56K","0.75%"
"01/11/2021","17,105.8","17,128.2","17,260.8","17,058.8","123.27K","0.15%"
"01/08/2021","17,080.8","17,071.8","17,246.1","17,018.2","99.73K","0.22%"
"01/07/2021","17,043.0","17,127.7","17,190.0","17,032.1","109.27K","-0.37%"
"01/06/2021","17,107.1","17,109.9","17,184.2","17,042.9","109.28K","0.09%"
"01/05/2021","17,091.4","17,017.2","17,125.2","17,015.1","107.76K","0.50%"
"01/04/2021","17,006.3","17,184.6","17,219.7","16,980.1","100.75K","-1.39%"
"01/01/2021","17,246.3","17,246.3","17,246.3","17,246.3","","0.58%"
"12/31/2020","17,147.1","17,278.7","17,295.6","17,153.7","89.06K","-0.67%"
"12/30/2020","17,262.2","17,306.4","17,373.5","17,214.1","104.59K","-0.11%"
"12/29/2020","17,280.5","17,293.2","17,345.3","17,279.7","98.54K","0.05%"
"12/28/2020","17,272.0","17,326.8","17,360.4","17,254.7","77.78K","0.02%"
"12/25/2020","17,268.7","17,305.6","17,341.1","17,274.3","14.42K","0.16%"
"12/24/2020","17,241.8","17,307.0","17,347.4","17,290.6","134.45K","0.00%"
"12/23/2020","17,241.8","17,277.6","17,386.4","17,228.0","197.83K","0.23%"
"12/22/2020","17,201.7","17,300.8","17,411.8","17,251.2","179.43K","-0.34%"
"12/21/2020","17,259.8","17,273.5","17,314.2","17,139.0","162.45K","0.03%"
"12/18/2020","17,255.0","17,304.0","17,337.2","17,249.5","103.65K","-0.13%"
"12/17/2020","17,276.7","17,231.1","17,312.5","17,219.1","118.85K","0.53%"
"12/16/2020","17,185.6","17,158.6","17,252.4","17,125.9","141.83K","0.38%"
"12/15/2020","17,120.8","17,116.3","17,236.4","17,112.2","121.04K","0.21%"
"12/14/2020","17,085.2","17,080.4","17,185.4","17,058.6","92.59K","0.26%"
"12/11/2020","17,040.2","17,119.2","17,172.2","17,043.1","86.58K","-0.35%"
"12/10/2020","17,099.6","17,048.4","17,151.0","17,027.5","94.91K","0.53%"
"12/09/2020","17,008.6","17,077.3","17,141.5","17,014.6","134.03K","-0.17%"
"12/08/2020","17,038.2","17,081.2","17,136.4","17,066.0","150.92K","-0.05%"
"12/07/2020","17,046.7","17,107.3","17,161.6","17,036.0","130.86K","-0.14%"
"12/04/2020","17,071.0","17,172.3","17,203.7","17,081.2","131.13K","-0.29%"
"12/03/2020","17,120.2","17,113.9","17,217.6","17,095.8","132.14K","0.31%"
"12/02/2020","17,067.2","17,054.9","17,118.8","17,005.8","105.25K","0.29%"
"12/01/2020","17,018.7","16,842.3","17,065.5","16,839.5","100.34K","1.26%"
"11/30/2020","16,806.6","16,848.1","16,950.5","16,827.3","74.02K","-0.14%"
"11/27/2020","16,830.5","16,795.2","16,858.7","16,781.9","72.30K","0.28%"
"11/26/2020","16,784.0","16,849.2","16,869.0","16,757.2","78.68K","-0.29%"
"11/25/2020","16,833.1","16,830.3","16,881.2","16,800.4","106.04K","0.12%"
"11/24/2020","16,812.5","16,755.3","16,839.6","16,747.5","96.63K","0.49%"
"11/23/2020","16,729.9","16,789.8","16,846.5","16,695.8","86.16K","-0.25%"
"11/20/2020","16,772.0","16,809.1","16,876.1","16,784.8","103.37K","-0.10%"
"11/19/2020","16,788.4","16,677.9","16,825.8","16,636.2","113.81K","0.82%"
"11/18/2020","16,652.1","16,673.4","16,744.7","16,651.4","129.08K","0.07%"
"11/17/2020","16,641.0","16,723.2","16,745.0","16,635.2","87.23K","-0.43%"
"11/16/2020","16,712.7","16,761.7","16,791.5","16,668.8","84.34K","-0.18%"
"11/13/2020","16,742.3","16,727.7","16,805.5","16,701.3","117.70K","0.31%"
"11/12/2020","16,690.9","16,587.9","16,753.9","16,581.3","136.57K","0.73%"
"11/11/2020","16,570.2","16,593.1","16,681.2","16,542.8","142.03K","-0.10%"
"11/10/2020","16,586.9","16,611.3","16,659.4","16,548.3","164.42K","-0.05%"
"11/09/2020","16,594.5","16,883.6","16,904.2","16,586.0","151.86K","-1.50%"
"11/06/2020","16,846.4","17,001.5","17,031.0","16,778.8","133.39K","-0.88%"
"11/05/2020","16,995.4","17,080.4","17,098.6","16,838.8","124.28K","-0.29%"
"11/04/2020","17,045.2","17,086.3","17,166.6","16,877.3","143.69K","-0.10%"
"11/03/2020","17,062.9","17,043.9","17,123.5","16,989.3","89.63K","0.24%"
"11/02/2020","17,022.0","17,049.8","17,135.6","17,011.8","87.90K","-0.03%"
"10/30/2020","17,027.9","17,073.2","17,118.6","17,022.8","116.35K","-0.23%"
"10/29/2020","17,067.4","17,177.8","17,198.3","17,037.4","148.26K","-0.60%"
"10/28/2020","17,171.2","17,250.9","17,255.3","17,136.8","110.99K","-0.42%"
"10/27/2020","17,244.3","17,301.7","17,367.2","17,246.5","87.29K","-0.17%"
"10/26/2020","17,273.6","17,383.8","17,393.1","17,290.7","84.57K","-0.57%"
"10/23/2020","17,373.4","17,325.2","17,394.8","17,279.0","99.27K","0.42%"
"10/22/2020","17,300.1","17,358.5","17,418.5","17,302.9","92.37K","-0.14%"
"10/21/2020","17,324.5","17,325.1","17,391.8","17,302.8","102.21K","0.05%"
"10/20/2020","17,316.3","17,295.3","17,353.7","17,244.5","80.97K","0.32%"
"10/19/2020","17,260.7","17,230.6","17,332.0","17,177.8","79.09K","0.41%"
"10/16/2020","17,190.3","17,199.1","17,277.5","17,186.6","99.87K","0.17%"
"10/15/2020","17,161.0","17,280.6","17,324.4","17,169.7","93.69K","-0.48%"
"10/14/2020","17,243.1","17,284.2","17,340.0","17,239.4","102.04K","0.02%"
"10/13/2020","17,240.2","17,365.1","17,419.0","17,261.4","109.75K","-0.58%"
"10/12/2020","17,341.5","17,373.9","17,416.0","17,325.4","93.77K","-0.06%"
"10/09/2020","17,351.7","17,297.5","17,393.8","17,260.7","80.10K","0.49%"
"10/08/2020","17,266.6","17,301.9","17,350.5","17,258.5","123.30K","-0.05%"
"10/07/2020","17,275.4","17,290.1","17,334.8","17,246.7","111.02K","0.10%"
"10/06/2020","17,257.8","17,437.4","17,455.1","17,212.7","116.92K","-0.95%"
"10/05/2020","17,424.1","17,410.0","17,462.8","17,358.7","89.96K","0.30%"
"10/02/2020","17,371.9","17,428.2","17,500.9","17,376.4","133.97K","-0.21%"
"10/01/2020","17,409.1","17,439.4","17,483.3","17,378.1","124.55K","0.11%"
"09/30/2020","17,389.5","17,490.5","17,517.7","17,386.5","97.78K","-0.24%"
"09/29/2020","17,431.0","17,382.3","17,496.4","17,346.7","83.30K","0.63%"
"09/28/2020","17,321.0","17,305.7","17,411.3","17,270.8","67.43K","0.33%"
"09/25/2020","17,264.7","17,377.4","17,451.6","17,267.0","110.35K","-0.36%"
"09/24/2020","17,327.1","17,275.0","17,408.3","17,261.7","137.63K","0.55%"
"09/23/2020","17,232.0","17,311.0","17,374.9","17,235.1","139.02K","-0.20%"
"09/22/2020","17,266.3","17,302.6","17,408.6","17,266.4","126.73K","-0.13%"
"09/21/2020","17,288.7","17,458.0","17,479.4","17,244.6","138.92K","-0.84%"
"09/18/2020","17,435.9","17,571.3","17,592.1","17,420.2","101.69K","-0.69%"
"09/17/2020","17,557.3","17,529.0","17,579.5","17,392.9","120.85K","0.25%"
"09/16/2020","17,514.3","17,591.3","17,633.6","17,486.0","99.30K","-0.33%"
"09/15/2020","17,572.1","17,655.1","17,681.9","17,573.5","74.23K","-0.36%"
"09/14/2020","17,635.8","17,629.8","17,723.9","17,587.6","66.14K","0.19%"
"09/11/2020","17,601.7","17,549.7","17,725.5","17,547.5","85.38K","0.54%"
"09/10/2020","17,506.9","17,447.8","17,703.4","17,441.1","97.20K","0.36%"
"09/09/2020","17,443.4","17,394.6","17,503.6","17,358.5","108.06K","0.37%"
"09/08/2020","17,379.9","17,418.3","17,483.3","17,359.3","108.89K","-0.15%"
"09/07/2020","17,406.4","17,450.7","17,476.5","17,399.7","72.77K","-0.24%"
"09/04/2020","17,447.7","17,508.4","17,542.4","17,373.3","99.79K","-0.24%"
"09/03/2020","17,489.1","17,475.8","17,558.7","17,429.3","106.54K","0.10%"
"09/02/2020","17,471.3","17,354.3","17,646.9","17,325.9","102.59K","0.72%"
"09/01/2020","17,346.9","17,381.8","17,533.7","17,339.0","103.98K","-0.18%"